sampleName	originalIndex	GSE	samples	MajorType	Neurotransmitter	ShinyNames	PyramidalDeep	BroadTypes	Description	Age	Region	Platform	Method	Reference	PMID	RegionToChildren	RegionToParent	Normalize	Normalize2	Notes
GSM241912	1	NA	GSM241912,GSM241914,GSM241926	Glia	Astrocyte	Astrocyte	Astrocyte	Astrocyte	Astrocytes	17	Cortex,Cerebrum,Thalamus,Brainstem,SpinalCord,Subependymal	GPL1261	PAN/FACS	Cahoy et al., 2008	18171944	TRUE	TRUE	TRUE	TRUE	
GSM241914	1	NA	GSM241912,GSM241914,GSM241926	Glia	Astrocyte	Astrocyte	Astrocyte	Astrocyte	Astrocytes	17	Cortex,Cerebrum,Thalamus,Brainstem,SpinalCord,Subependymal	GPL1261	PAN/FACS	Cahoy et al., 2008	18171944	TRUE	TRUE	TRUE	TRUE	
GSM241926	1	NA	GSM241912,GSM241914,GSM241926	Glia	Astrocyte	Astrocyte	Astrocyte	Astrocyte	Astrocytes	17	Cortex,Cerebrum,Thalamus,Brainstem,SpinalCord,Subependymal	GPL1261	PAN/FACS	Cahoy et al., 2008	18171944	TRUE	TRUE	TRUE	TRUE	
GSM241915	2	NA	GSM241915,GSM241925	Glia	Astrocyte	Astrocyte	Astrocyte	Astrocyte	Astrocytes	17	Cortex,Cerebrum,Thalamus,Brainstem,SpinalCord,Subependymal	GPL1261	PAN/FACS	Cahoy et al., 2008	18171944	TRUE	TRUE	TRUE	TRUE	
GSM241925	2	NA	GSM241915,GSM241925	Glia	Astrocyte	Astrocyte	Astrocyte	Astrocyte	Astrocytes	17	Cortex,Cerebrum,Thalamus,Brainstem,SpinalCord,Subependymal	GPL1261	PAN/FACS	Cahoy et al., 2008	18171944	TRUE	TRUE	TRUE	TRUE	
GSM866327	3	NA	GSM866327,GSM866328,GSM866329,GSM866330	Glia	Astrocyte	Astrocyte	Astrocyte	Astrocyte	Astrocyte	33	Cortex,Cerebrum,Thalamus,Brainstem,SpinalCord,Subependymal	GPL1261	FACS	Zamanian et al 2012	22553043	TRUE	TRUE	TRUE	TRUE	
GSM866328	3	NA	GSM866327,GSM866328,GSM866329,GSM866330	Glia	Astrocyte	Astrocyte	Astrocyte	Astrocyte	Astrocyte	33	Cortex,Cerebrum,Thalamus,Brainstem,SpinalCord,Subependymal	GPL1261	FACS	Zamanian et al 2012	22553043	TRUE	TRUE	TRUE	TRUE	
GSM866329	3	NA	GSM866327,GSM866328,GSM866329,GSM866330	Glia	Astrocyte	Astrocyte	Astrocyte	Astrocyte	Astrocyte	33	Cortex,Cerebrum,Thalamus,Brainstem,SpinalCord,Subependymal	GPL1261	FACS	Zamanian et al 2012	22553043	TRUE	TRUE	TRUE	TRUE	
GSM866330	3	NA	GSM866327,GSM866328,GSM866329,GSM866330	Glia	Astrocyte	Astrocyte	Astrocyte	Astrocyte	Astrocyte	33	Cortex,Cerebrum,Thalamus,Brainstem,SpinalCord,Subependymal	GPL1261	FACS	Zamanian et al 2012	22553043	TRUE	TRUE	TRUE	TRUE	
GSM337861	4	NA	GSM337861,GSM337862,GSM337863	Glia	Bergmann	Bergmann	Bergmann	Bergmann	Bergman Glia	Adult	Cerebellum	GPL1261	TRAP	Doyle et al., 2008	19013282	TRUE	TRUE	TRUE	TRUE	
GSM337862	4	NA	GSM337861,GSM337862,GSM337863	Glia	Bergmann	Bergmann	Bergmann	Bergmann	Bergman Glia	Adult	Cerebellum	GPL1261	TRAP	Doyle et al., 2008	19013282	TRUE	TRUE	TRUE	TRUE	
GSM337863	4	NA	GSM337861,GSM337862,GSM337863	Glia	Bergmann	Bergmann	Bergmann	Bergmann	Bergman Glia	Adult	Cerebellum	GPL1261	TRAP	Doyle et al., 2008	19013282	TRUE	TRUE	TRUE	TRUE	
GSM465752	5	NA	GSM465752,GSM465753	Glia	Ependymal	Ependymal	Ependymal	Ependymal	CD24+ (ependymal cell)	56	Subependymal	GPL1261	FACS	Beckervordersandforth et al 2010	21112568	TRUE	TRUE	TRUE	TRUE	
GSM465753	5	NA	GSM465752,GSM465753	Glia	Ependymal	Ependymal	Ependymal	Ependymal	CD24+ (ependymal cell)	56	Subependymal	GPL1261	FACS	Beckervordersandforth et al 2010	21112568	TRUE	TRUE	TRUE	TRUE	
GSM741193	6	NA	GSM741193,GSM741194,GSM741192	Glia	Microglia	Microglia	Microglia	Microglia	Microglia	42	All	GPL1261	FACS	Anandasabapathy et al., 2011	21788405	TRUE	TRUE	TRUE	TRUE	
GSM741194	6	NA	GSM741193,GSM741194,GSM741192	Glia	Microglia	Microglia	Microglia	Microglia	Microglia	42	All	GPL1261	FACS	Anandasabapathy et al., 2011	21788405	TRUE	TRUE	TRUE	TRUE	
GSM741192	6	NA	GSM741193,GSM741194,GSM741192	Glia	Microglia	Microglia	Microglia	Microglia	Microglia	42	All	GPL1261	FACS	Anandasabapathy et al., 2011	21788405	TRUE	TRUE	TRUE	TRUE	
GSM1176624	7	NA	GSM1176624,GSM1176625,GSM1176626,GSM1176627,GSM1176628,GSM1176629	Glia	Oligodendrocyte	Oligodendrocyte	Oligo	Oligo	Oligodendrocytes	66	Cerebellum	GPL1261	TRAP	Bellesi et al 2013	24005282	TRUE	TRUE	TRUE	TRUE	
GSM1176625	7	NA	GSM1176624,GSM1176625,GSM1176626,GSM1176627,GSM1176628,GSM1176629	Glia	Oligodendrocyte	Oligodendrocyte	Oligo	Oligo	Oligodendrocytes	66	Cerebellum	GPL1261	TRAP	Bellesi et al 2013	24005282	TRUE	TRUE	TRUE	TRUE	
GSM1176626	7	NA	GSM1176624,GSM1176625,GSM1176626,GSM1176627,GSM1176628,GSM1176629	Glia	Oligodendrocyte	Oligodendrocyte	Oligo	Oligo	Oligodendrocytes	66	Cerebellum	GPL1261	TRAP	Bellesi et al 2013	24005282	TRUE	TRUE	TRUE	TRUE	
GSM1176627	7	NA	GSM1176624,GSM1176625,GSM1176626,GSM1176627,GSM1176628,GSM1176629	Glia	Oligodendrocyte	Oligodendrocyte	Oligo	Oligo	Oligodendrocytes	66	Cerebellum	GPL1261	TRAP	Bellesi et al 2013	24005282	TRUE	TRUE	TRUE	TRUE	
GSM1176628	7	NA	GSM1176624,GSM1176625,GSM1176626,GSM1176627,GSM1176628,GSM1176629	Glia	Oligodendrocyte	Oligodendrocyte	Oligo	Oligo	Oligodendrocytes	66	Cerebellum	GPL1261	TRAP	Bellesi et al 2013	24005282	TRUE	TRUE	TRUE	TRUE	
GSM1176629	7	NA	GSM1176624,GSM1176625,GSM1176626,GSM1176627,GSM1176628,GSM1176629	Glia	Oligodendrocyte	Oligodendrocyte	Oligo	Oligo	Oligodendrocytes	66	Cerebellum	GPL1261	TRAP	Bellesi et al 2013	24005282	TRUE	TRUE	TRUE	TRUE	
GSM241890	8	NA	GSM241890,GSM241893,GSM241894,GSM241918	Glia	Oligodendrocyte	Oligodendrocyte	Oligo	Oligo	Mature Oligodendrocytes	17	Cortex,All	GPL1261	PAN	Cahoy et al., 2008	18171944	TRUE	TRUE	TRUE	TRUE	
GSM241893	8	NA	GSM241890,GSM241893,GSM241894,GSM241918	Glia	Oligodendrocyte	Oligodendrocyte	Oligo	Oligo	Mature Oligodendrocytes	17	Cortex,All	GPL1261	PAN	Cahoy et al., 2008	18171944	TRUE	TRUE	TRUE	TRUE	
GSM241894	8	NA	GSM241890,GSM241893,GSM241894,GSM241918	Glia	Oligodendrocyte	Oligodendrocyte	Oligo	Oligo	Mature Oligodendrocytes	17	Cortex,All	GPL1261	PAN	Cahoy et al., 2008	18171944	TRUE	TRUE	TRUE	TRUE	
GSM241918	8	NA	GSM241890,GSM241893,GSM241894,GSM241918	Glia	Oligodendrocyte	Oligodendrocyte	Oligo	Oligo	Mature Oligodendrocytes	17	Cortex,All	GPL1261	PAN	Cahoy et al., 2008	18171944	TRUE	TRUE	TRUE	TRUE	
GSM337841	9	NA	GSM337841,GSM337842,GSM337843	Glia	Oligodendrocyte	Oligodendrocyte	Oligo	Oligo	Mixed Oligodendrocytes	Adult	Cerebellum	GPL1261	TRAP	Doyle et al., 2008	19013282	TRUE	TRUE	TRUE	TRUE	
GSM337842	9	NA	GSM337841,GSM337842,GSM337843	Glia	Oligodendrocyte	Oligodendrocyte	Oligo	Oligo	Mixed Oligodendrocytes	Adult	Cerebellum	GPL1261	TRAP	Doyle et al., 2008	19013282	TRUE	TRUE	TRUE	TRUE	
GSM337843	9	NA	GSM337841,GSM337842,GSM337843	Glia	Oligodendrocyte	Oligodendrocyte	Oligo	Oligo	Mixed Oligodendrocytes	Adult	Cerebellum	GPL1261	TRAP	Doyle et al., 2008	19013282	TRUE	TRUE	TRUE	TRUE	
GSM337844	10	NA	GSM337844,GSM337845,GSM337846	Glia	Oligodendrocyte	Oligodendrocyte	Oligo	Oligo	Mixed Oligodendrocytes	Adult	Cortex,All	GPL1261	TRAP	Doyle et al., 2008	19013282	TRUE	TRUE	TRUE	TRUE	same as GSM1698237,GSM1698238,GSM1698239
GSM337845	10	NA	GSM337844,GSM337845,GSM337846	Glia	Oligodendrocyte	Oligodendrocyte	Oligo	Oligo	Mixed Oligodendrocytes	Adult	Cortex,All	GPL1261	TRAP	Doyle et al., 2008	19013282	TRUE	TRUE	TRUE	TRUE	same as GSM1698237,GSM1698238,GSM1698239
GSM337846	10	NA	GSM337844,GSM337845,GSM337846	Glia	Oligodendrocyte	Oligodendrocyte	Oligo	Oligo	Mixed Oligodendrocytes	Adult	Cortex,All	GPL1261	TRAP	Doyle et al., 2008	19013282	TRUE	TRUE	TRUE	TRUE	same as GSM1698237,GSM1698238,GSM1698239
GSM337796	11	NA	GSM337796,GSM337797,GSM337798	Glia	Oligodendrocyte	Oligodendrocyte	Oligo	Oligo	Mature Oligodendrocytes	Adult	Cerebellum	GPL1261	TRAP	Doyle et al., 2008	19013282	TRUE	TRUE	TRUE	TRUE	
GSM337797	11	NA	GSM337796,GSM337797,GSM337798	Glia	Oligodendrocyte	Oligodendrocyte	Oligo	Oligo	Mature Oligodendrocytes	Adult	Cerebellum	GPL1261	TRAP	Doyle et al., 2008	19013282	TRUE	TRUE	TRUE	TRUE	
GSM337798	11	NA	GSM337796,GSM337797,GSM337798	Glia	Oligodendrocyte	Oligodendrocyte	Oligo	Oligo	Mature Oligodendrocytes	Adult	Cerebellum	GPL1261	TRAP	Doyle et al., 2008	19013282	TRUE	TRUE	TRUE	TRUE	
GSM337800	12	NA	GSM337800,GSM337801,GSM337802	Glia	Oligodendrocyte	Oligodendrocyte	Oligo	Oligo	Mature Oligodendrocytes	Adult	Cortex,All	GPL1261	TRAP	Doyle et al., 2008	19013282	TRUE	TRUE	TRUE	TRUE	
GSM337801	12	NA	GSM337800,GSM337801,GSM337802	Glia	Oligodendrocyte	Oligodendrocyte	Oligo	Oligo	Mature Oligodendrocytes	Adult	Cortex,All	GPL1261	TRAP	Doyle et al., 2008	19013282	TRUE	TRUE	TRUE	TRUE	
GSM337802	12	NA	GSM337800,GSM337801,GSM337802	Glia	Oligodendrocyte	Oligodendrocyte	Oligo	Oligo	Mature Oligodendrocytes	Adult	Cortex,All	GPL1261	TRAP	Doyle et al., 2008	19013282	TRUE	TRUE	TRUE	TRUE	
GSM742912	13	NA	GSM742912,GSM742913,GSM742914	Glia	Oligodendrocyte	Oligodendrocyte	Oligo	Oligo	Olig2 positive cells	90	Cortex,All	GPL1261	TRAP	Fomchenko et al 2011	21754979	TRUE	TRUE	TRUE	TRUE	
GSM742913	13	NA	GSM742912,GSM742913,GSM742914	Glia	Oligodendrocyte	Oligodendrocyte	Oligo	Oligo	Olig2 positive cells	90	Cortex,All	GPL1261	TRAP	Fomchenko et al 2011	21754979	TRUE	TRUE	TRUE	TRUE	
GSM742914	13	NA	GSM742912,GSM742913,GSM742914	Glia	Oligodendrocyte	Oligodendrocyte	Oligo	Oligo	Olig2 positive cells	90	Cortex,All	GPL1261	TRAP	Fomchenko et al 2011	21754979	TRUE	TRUE	TRUE	TRUE	
GSM337773	14	NA	GSM337773,GSM337774,GSM337775	Neuron	Cholinergic	Midbrain Cholinergic	BrainstemCholin	MidbrainCholinergic	Motor Neurons, Midbrain Cholinergic Neurons	Adult	Brainstem,Midbrain	GPL1261	TRAP	Doyle et al., 2008	19013282	FALSE	TRUE	TRUE	TRUE	We removed it's midbrain status since original paper included no evidence of midbrain specificity.
GSM337774	14	NA	GSM337773,GSM337774,GSM337775	Neuron	Cholinergic	Midbrain Cholinergic	BrainstemCholin	MidbrainCholinergic	Motor Neurons, Midbrain Cholinergic Neurons	Adult	Brainstem,Midbrain	GPL1261	TRAP	Doyle et al., 2008	19013282	FALSE	TRUE	TRUE	TRUE	We removed it's midbrain status since original paper included no evidence of midbrain specificity.
GSM337775	14	NA	GSM337773,GSM337774,GSM337775	Neuron	Cholinergic	Midbrain Cholinergic	BrainstemCholin	MidbrainCholinergic	Motor Neurons, Midbrain Cholinergic Neurons	Adult	Brainstem,Midbrain	GPL1261	TRAP	Doyle et al., 2008	19013282	FALSE	TRUE	TRUE	TRUE	We removed it's midbrain status since original paper included no evidence of midbrain specificity.
GSM337779	15	NA	GSM337779,GSM337780,GSM337781	Neuron	Cholinergic	Forebrain Cholinergic	ForebrainCholin	Cholin	Cholinergic Projection Neurons	Adult	BasalForebrain	GPL1261	TRAP	Doyle et al., 2008	19013282	TRUE	TRUE	TRUE	TRUE	
GSM337780	15	NA	GSM337779,GSM337780,GSM337781	Neuron	Cholinergic	Forebrain Cholinergic	ForebrainCholin	Cholin	Cholinergic Projection Neurons	Adult	BasalForebrain	GPL1261	TRAP	Doyle et al., 2008	19013282	TRUE	TRUE	TRUE	TRUE	
GSM337781	15	NA	GSM337779,GSM337780,GSM337781	Neuron	Cholinergic	Forebrain Cholinergic	ForebrainCholin	Cholin	Cholinergic Projection Neurons	Adult	BasalForebrain	GPL1261	TRAP	Doyle et al., 2008	19013282	TRUE	TRUE	TRUE	TRUE	
GSM337791	16	NA	GSM337791,GSM337792,GSM337793	Neuron	Cholinergic	Forebrain Cholinergic	ForebrainCholin	Cholin	Cholinergic Neurons	Adult	Striatum	GPL1261	TRAP	Doyle et al., 2008	19013282	TRUE	TRUE	TRUE	TRUE	
GSM337792	16	NA	GSM337791,GSM337792,GSM337793	Neuron	Cholinergic	Forebrain Cholinergic	ForebrainCholin	Cholin	Cholinergic Neurons	Adult	Striatum	GPL1261	TRAP	Doyle et al., 2008	19013282	TRUE	TRUE	TRUE	TRUE	
GSM337793	16	NA	GSM337791,GSM337792,GSM337793	Neuron	Cholinergic	Forebrain Cholinergic	ForebrainCholin	Cholin	Cholinergic Neurons	Adult	Striatum	GPL1261	TRAP	Doyle et al., 2008	19013282	TRUE	TRUE	TRUE	TRUE	
GSM337785	17	NA	GSM337785,GSM337786,GSM337787	Neuron	Cholinergic	SpinalChordCholinergic	SpinalChordCholinergic	SpinalChordCholinergic	Motor Neurons, Cholinergic Interneurons	Adult	SpinalCord	GPL1261	TRAP	Doyle et al., 2008	19013282	TRUE	TRUE	TRUE	TRUE	
GSM337786	17	NA	GSM337785,GSM337786,GSM337787	Neuron	Cholinergic	SpinalChordCholinergic	SpinalChordCholinergic	SpinalChordCholinergic	Motor Neurons, Cholinergic Interneurons	Adult	SpinalCord	GPL1261	TRAP	Doyle et al., 2008	19013282	TRUE	TRUE	TRUE	TRUE	
GSM337787	17	NA	GSM337785,GSM337786,GSM337787	Neuron	Cholinergic	SpinalChordCholinergic	SpinalChordCholinergic	SpinalChordCholinergic	Motor Neurons, Cholinergic Interneurons	Adult	SpinalCord	GPL1261	TRAP	Doyle et al., 2008	19013282	TRUE	TRUE	TRUE	TRUE	
GSM1057734	18	NA	GSM1057734,GSM1057735,GSM1057736	Neuron	Cholinergic	Thalamus Cholinergic	ThalamusCholin	Cholin	Cholin	63	Thalamus	GPL1261	TRAP	G??rlich et al 2013	24082085	TRUE	TRUE	TRUE	TRUE	
GSM1057735	18	NA	GSM1057734,GSM1057735,GSM1057736	Neuron	Cholinergic	Thalamus Cholinergic	ThalamusCholin	Cholin	Cholin	63	Thalamus	GPL1261	TRAP	G??rlich et al 2013	24082085	TRUE	TRUE	TRUE	TRUE	
GSM1057736	18	NA	GSM1057734,GSM1057735,GSM1057736	Neuron	Cholinergic	Thalamus Cholinergic	ThalamusCholin	Cholin	Cholin	63	Thalamus	GPL1261	TRAP	G??rlich et al 2013	24082085	TRUE	TRUE	TRUE	TRUE	
GSM337831	19	NA	GSM337831,GSM337832,GSM337833	Neuron	Gabaergic	Basket	Basket	Basket	Stellate Basket Cells	Adult	Cerebellum	GPL1261	TRAP	Doyle et al., 2008	19013282	TRUE	TRUE	TRUE	TRUE	
GSM337832	19	NA	GSM337831,GSM337832,GSM337833	Neuron	Gabaergic	Basket	Basket	Basket	Stellate Basket Cells	Adult	Cerebellum	GPL1261	TRAP	Doyle et al., 2008	19013282	TRUE	TRUE	TRUE	TRUE	
GSM337833	19	NA	GSM337831,GSM337832,GSM337833	Neuron	Gabaergic	Basket	Basket	Basket	Stellate Basket Cells	Adult	Cerebellum	GPL1261	TRAP	Doyle et al., 2008	19013282	TRUE	TRUE	TRUE	TRUE	
GSM909438	20	NA	GSM909438,GSM909439,GSM909440,GSM909441	Neuron	Gabaergic	Basket	Basket	Basket	Stellate Basket Cells	14	Cerebellum	GPL1261	Manual	Paul et al 2012	22754500	TRUE	TRUE	TRUE	TRUE	
GSM909439	20	NA	GSM909438,GSM909439,GSM909440,GSM909441	Neuron	Gabaergic	Basket	Basket	Basket	Stellate Basket Cells	14	Cerebellum	GPL1261	Manual	Paul et al 2012	22754500	TRUE	TRUE	TRUE	TRUE	
GSM909440	20	NA	GSM909438,GSM909439,GSM909440,GSM909441	Neuron	Gabaergic	Basket	Basket	Basket	Stellate Basket Cells	14	Cerebellum	GPL1261	Manual	Paul et al 2012	22754500	TRUE	TRUE	TRUE	TRUE	
GSM909441	20	NA	GSM909438,GSM909439,GSM909440,GSM909441	Neuron	Gabaergic	Basket	Basket	Basket	Stellate Basket Cells	14	Cerebellum	GPL1261	Manual	Paul et al 2012	22754500	TRUE	TRUE	TRUE	TRUE	
GSM909442	21	NA	GSM909442,GSM909443,GSM909444	Neuron	Gabaergic	Basket	Basket	Basket	Stellate Basket Cells	21	Cerebellum	GPL1261	Manual	Paul et al 2012	22754500	TRUE	TRUE	TRUE	TRUE	
GSM909443	21	NA	GSM909442,GSM909443,GSM909444	Neuron	Gabaergic	Basket	Basket	Basket	Stellate Basket Cells	21	Cerebellum	GPL1261	Manual	Paul et al 2012	22754500	TRUE	TRUE	TRUE	TRUE	
GSM909444	21	NA	GSM909442,GSM909443,GSM909444	Neuron	Gabaergic	Basket	Basket	Basket	Stellate Basket Cells	21	Cerebellum	GPL1261	Manual	Paul et al 2012	22754500	TRUE	TRUE	TRUE	TRUE	
GSM909445	22	NA	GSM909445,GSM909446,GSM909447,GSM909448	Neuron	Gabaergic	Basket	Basket	Basket	Stellate Basket Cells	28	Cerebellum	GPL1261	Manual	Paul et al 2012	22754500	TRUE	TRUE	TRUE	TRUE	
GSM909446	22	NA	GSM909445,GSM909446,GSM909447,GSM909448	Neuron	Gabaergic	Basket	Basket	Basket	Stellate Basket Cells	28	Cerebellum	GPL1261	Manual	Paul et al 2012	22754500	TRUE	TRUE	TRUE	TRUE	
GSM909447	22	NA	GSM909445,GSM909446,GSM909447,GSM909448	Neuron	Gabaergic	Basket	Basket	Basket	Stellate Basket Cells	28	Cerebellum	GPL1261	Manual	Paul et al 2012	22754500	TRUE	TRUE	TRUE	TRUE	
GSM909448	22	NA	GSM909445,GSM909446,GSM909447,GSM909448	Neuron	Gabaergic	Basket	Basket	Basket	Stellate Basket Cells	28	Cerebellum	GPL1261	Manual	Paul et al 2012	22754500	TRUE	TRUE	TRUE	TRUE	
GSM909449	23	NA	GSM909449,GSM909450	Neuron	Gabaergic	Basket	Basket	Basket	Stellate Basket Cells	35	Cerebellum	GPL1261	Manual	Paul et al 2012	22754500	TRUE	TRUE	TRUE	TRUE	GSM909451 is contaminated with purkinje cells based on marker gene expression
GSM909450	23	NA	GSM909449,GSM909450	Neuron	Gabaergic	Basket	Basket	Basket	Stellate Basket Cells	35	Cerebellum	GPL1261	Manual	Paul et al 2012	22754500	TRUE	TRUE	TRUE	TRUE	GSM909451 is contaminated with purkinje cells based on marker gene expression
GSM444355	24	NA	GSM444355,GSM444356,GSM444357	Neuron	Gabaergic	FS Basket (G42)	GabaPV	Gabaergic	GABAergic Interneurons, PV+, P13-P15	15	Cortex	GPL1261	Manual	Okaty et al., 2009	19474331	TRUE	TRUE	TRUE	TRUE	
GSM444356	24	NA	GSM444355,GSM444356,GSM444357	Neuron	Gabaergic	FS Basket (G42)	GabaPV	Gabaergic	GABAergic Interneurons, PV+, P13-P15	15	Cortex	GPL1261	Manual	Okaty et al., 2009	19474331	TRUE	TRUE	TRUE	TRUE	
GSM444357	24	NA	GSM444355,GSM444356,GSM444357	Neuron	Gabaergic	FS Basket (G42)	GabaPV	Gabaergic	GABAergic Interneurons, PV+, P13-P15	15	Cortex	GPL1261	Manual	Okaty et al., 2009	19474331	TRUE	TRUE	TRUE	TRUE	
GSM444358	25	NA	GSM444358,GSM444359,GSM444360	Neuron	Gabaergic	FS Basket (G42)	GabaPV	Gabaergic	GABAergic Interneurons, PV+, P25	25	Cortex	GPL1261	Manual	Okaty et al., 2009	19474331	TRUE	TRUE	TRUE	TRUE	
GSM444359	25	NA	GSM444358,GSM444359,GSM444360	Neuron	Gabaergic	FS Basket (G42)	GabaPV	Gabaergic	GABAergic Interneurons, PV+, P25	25	Cortex	GPL1261	Manual	Okaty et al., 2009	19474331	TRUE	TRUE	TRUE	TRUE	
GSM444360	25	NA	GSM444358,GSM444359,GSM444360	Neuron	Gabaergic	FS Basket (G42)	GabaPV	Gabaergic	GABAergic Interneurons, PV+, P25	25	Cortex	GPL1261	Manual	Okaty et al., 2009	19474331	TRUE	TRUE	TRUE	TRUE	
GSM215857	26	NA	GSM215857,GSM215858,GSM215859,GSM215860	Neuron	Gabaergic	FS Basket (G42)	GabaPV	Gabaergic	GabaPV from G42 line	38	Cortex	GPL1261	Manual	Sugino et al. 2014	25232122	TRUE	TRUE	TRUE	TRUE	Same as Okaty 2009. GSM444361, GSM444362, GSM444363
GSM215858	26	NA	GSM215857,GSM215858,GSM215859,GSM215860	Neuron	Gabaergic	FS Basket (G42)	GabaPV	Gabaergic	GabaPV from G42 line	38	Cortex	GPL1261	Manual	Sugino et al. 2014	25232122	TRUE	TRUE	TRUE	TRUE	Same as Okaty 2009. GSM444361, GSM444362, GSM444363
GSM215859	26	NA	GSM215857,GSM215858,GSM215859,GSM215860	Neuron	Gabaergic	FS Basket (G42)	GabaPV	Gabaergic	GabaPV from G42 line	38	Cortex	GPL1261	Manual	Sugino et al. 2014	25232122	TRUE	TRUE	TRUE	TRUE	Same as Okaty 2009. GSM444361, GSM444362, GSM444363
GSM215860	26	NA	GSM215857,GSM215858,GSM215859,GSM215860	Neuron	Gabaergic	FS Basket (G42)	GabaPV	Gabaergic	GabaPV from G42 line	38	Cortex	GPL1261	Manual	Sugino et al. 2014	25232122	TRUE	TRUE	TRUE	TRUE	Same as Okaty 2009. GSM444361, GSM444362, GSM444363
GSM63021	27	NA	GSM63021,GSM63022,GSM63023	Neuron	Gabaergic	FS Basket (G42)	GabaPV	Gabaergic	GABAergic Interneurons, PV+	70	Cortex	GPL339	Manual	Sugino et al., 2006	16369481	TRUE	TRUE	TRUE	FALSE	
GSM63022	27	NA	GSM63021,GSM63022,GSM63023	Neuron	Gabaergic	FS Basket (G42)	GabaPV	Gabaergic	GABAergic Interneurons, PV+	70	Cortex	GPL339	Manual	Sugino et al., 2006	16369481	TRUE	TRUE	TRUE	FALSE	
GSM63023	27	NA	GSM63021,GSM63022,GSM63023	Neuron	Gabaergic	FS Basket (G42)	GabaPV	Gabaergic	GABAergic Interneurons, PV+	70	Cortex	GPL339	Manual	Sugino et al., 2006	16369481	TRUE	TRUE	TRUE	FALSE	
GSM63030	28	NA	GSM63030,GSM63031,GSM63032	Neuron	Gabaergic	GabaReln	GabaReln	Gabaergic	GABAergic Interneurons, PV+	71	Thalamus	GPL339	Manual	Sugino et al., 2006	16369481	TRUE	TRUE	TRUE	FALSE	
GSM63031	28	NA	GSM63030,GSM63031,GSM63032	Neuron	Gabaergic	GabaReln	GabaReln	Gabaergic	GABAergic Interneurons, PV+	71	Thalamus	GPL339	Manual	Sugino et al., 2006	16369481	TRUE	TRUE	TRUE	FALSE	
GSM63032	28	NA	GSM63030,GSM63031,GSM63032	Neuron	Gabaergic	GabaReln	GabaReln	Gabaergic	GABAergic Interneurons, PV+	71	Thalamus	GPL339	Manual	Sugino et al., 2006	16369481	TRUE	TRUE	TRUE	FALSE	
GSM63018	29	NA	GSM63018,GSM63019,GSM63020	Neuron	Gabaergic	Martinotti (GIN)	GabaRelnCalb	Gabaergic	GABAergic Interneurons, SST+	68	Cortex	GPL339	Manual	Sugino et al., 2006	16369481	TRUE	TRUE	TRUE	FALSE	
GSM63019	29	NA	GSM63018,GSM63019,GSM63020	Neuron	Gabaergic	Martinotti (GIN)	GabaRelnCalb	Gabaergic	GABAergic Interneurons, SST+	68	Cortex	GPL339	Manual	Sugino et al., 2006	16369481	TRUE	TRUE	TRUE	FALSE	
GSM63020	29	NA	GSM63018,GSM63019,GSM63020	Neuron	Gabaergic	Martinotti (GIN)	GabaRelnCalb	Gabaergic	GABAergic Interneurons, SST+	68	Cortex	GPL339	Manual	Sugino et al., 2006	16369481	TRUE	TRUE	TRUE	FALSE	
GSM63015	30	NA	GSM63015,GSM63016,GSM63017	Neuron	Gabaergic	GabaSSTReln	GabaSSTReln	Gabaergic	GABAergic Interneurons, SST+	69	Hippocampus	GPL339	Manual	Sugino et al., 2006	16369481	TRUE	TRUE	TRUE	FALSE	
GSM63016	30	NA	GSM63015,GSM63016,GSM63017	Neuron	Gabaergic	GabaSSTReln	GabaSSTReln	Gabaergic	GABAergic Interneurons, SST+	69	Hippocampus	GPL339	Manual	Sugino et al., 2006	16369481	TRUE	TRUE	TRUE	FALSE	
GSM63017	30	NA	GSM63015,GSM63016,GSM63017	Neuron	Gabaergic	GabaSSTReln	GabaSSTReln	Gabaergic	GABAergic Interneurons, SST+	69	Hippocampus	GPL339	Manual	Sugino et al., 2006	16369481	TRUE	TRUE	TRUE	FALSE	
GSM63024	31	NA	GSM63024,GSM63025,GSM63026	Neuron	Gabaergic	VIPReln (G30)	GabaVIPReln	Gabaergic	GABAergic Interneurons, VIP+	66	Cortex	GPL339	Manual	Sugino et al., 2006	16369481	TRUE	TRUE	TRUE	FALSE	
GSM63025	31	NA	GSM63024,GSM63025,GSM63026	Neuron	Gabaergic	VIPReln (G30)	GabaVIPReln	Gabaergic	GABAergic Interneurons, VIP+	66	Cortex	GPL339	Manual	Sugino et al., 2006	16369481	TRUE	TRUE	TRUE	FALSE	
GSM63026	31	NA	GSM63024,GSM63025,GSM63026	Neuron	Gabaergic	VIPReln (G30)	GabaVIPReln	Gabaergic	GABAergic Interneurons, VIP+	66	Cortex	GPL339	Manual	Sugino et al., 2006	16369481	TRUE	TRUE	TRUE	FALSE	
GSM63027	32	NA	GSM63027,GSM63028,GSM63029	Neuron	Gabaergic	VIPReln (G30)	GabaVIPReln	Gabaergic	GABAergic Interneurons, VIP+	67	Cortex	GPL339	Manual	Sugino et al., 2006	16369481	TRUE	TRUE	TRUE	FALSE	
GSM63028	32	NA	GSM63027,GSM63028,GSM63029	Neuron	Gabaergic	VIPReln (G30)	GabaVIPReln	Gabaergic	GABAergic Interneurons, VIP+	67	Cortex	GPL339	Manual	Sugino et al., 2006	16369481	TRUE	TRUE	TRUE	FALSE	
GSM63029	32	NA	GSM63027,GSM63028,GSM63029	Neuron	Gabaergic	VIPReln (G30)	GabaVIPReln	Gabaergic	GABAergic Interneurons, VIP+	67	Cortex	GPL339	Manual	Sugino et al., 2006	16369481	TRUE	TRUE	TRUE	FALSE	
GSM337825	33	NA	GSM337825,GSM337826,GSM337827	Neuron	Gabaergic	Golgi	Golgi	Golgi	Golgi Cells	Adult	Cerebellum	GPL1261	TRAP	Doyle et al., 2008	19013282	TRUE	TRUE	TRUE	TRUE	
GSM337826	33	NA	GSM337825,GSM337826,GSM337827	Neuron	Gabaergic	Golgi	Golgi	Golgi	Golgi Cells	Adult	Cerebellum	GPL1261	TRAP	Doyle et al., 2008	19013282	TRUE	TRUE	TRUE	TRUE	
GSM337827	33	NA	GSM337825,GSM337826,GSM337827	Neuron	Gabaergic	Golgi	Golgi	Golgi	Golgi Cells	Adult	Cerebellum	GPL1261	TRAP	Doyle et al., 2008	19013282	TRUE	TRUE	TRUE	TRUE	
GSM337848	34	NA	GSM337848,GSM337849,GSM337850,GSM337851,GSM337852,GSM337853	Neuron	Gabaergic	Purkinje	Purkinje	Purkinje	Purkinje Cells	Adult	Cerebellum	GPL1261	TRAP	Doyle et al., 2008	19013282	TRUE	TRUE	TRUE	TRUE	
GSM337849	34	NA	GSM337848,GSM337849,GSM337850,GSM337851,GSM337852,GSM337853	Neuron	Gabaergic	Purkinje	Purkinje	Purkinje	Purkinje Cells	Adult	Cerebellum	GPL1261	TRAP	Doyle et al., 2008	19013282	TRUE	TRUE	TRUE	TRUE	
GSM337850	34	NA	GSM337848,GSM337849,GSM337850,GSM337851,GSM337852,GSM337853	Neuron	Gabaergic	Purkinje	Purkinje	Purkinje	Purkinje Cells	Adult	Cerebellum	GPL1261	TRAP	Doyle et al., 2008	19013282	TRUE	TRUE	TRUE	TRUE	
GSM337851	34	NA	GSM337848,GSM337849,GSM337850,GSM337851,GSM337852,GSM337853	Neuron	Gabaergic	Purkinje	Purkinje	Purkinje	Purkinje Cells	Adult	Cerebellum	GPL1261	TRAP	Doyle et al., 2008	19013282	TRUE	TRUE	TRUE	TRUE	
GSM337852	34	NA	GSM337848,GSM337849,GSM337850,GSM337851,GSM337852,GSM337853	Neuron	Gabaergic	Purkinje	Purkinje	Purkinje	Purkinje Cells	Adult	Cerebellum	GPL1261	TRAP	Doyle et al., 2008	19013282	TRUE	TRUE	TRUE	TRUE	
GSM337853	34	NA	GSM337848,GSM337849,GSM337850,GSM337851,GSM337852,GSM337853	Neuron	Gabaergic	Purkinje	Purkinje	Purkinje	Purkinje Cells	Adult	Cerebellum	GPL1261	TRAP	Doyle et al., 2008	19013282	TRUE	TRUE	TRUE	TRUE	
GSM1373399	35	NA	GSM1373399,GSM1373400,GSM1373401	Neuron	Gabaergic	Purkinje	Purkinje	Purkinje	Purkinje Cells	84	Cerebellum	GPL1261	TRAP	Galloway et al 2014	24986919	TRUE	TRUE	TRUE	TRUE	
GSM1373400	35	NA	GSM1373399,GSM1373400,GSM1373401	Neuron	Gabaergic	Purkinje	Purkinje	Purkinje	Purkinje Cells	84	Cerebellum	GPL1261	TRAP	Galloway et al 2014	24986919	TRUE	TRUE	TRUE	TRUE	
GSM1373401	35	NA	GSM1373399,GSM1373400,GSM1373401	Neuron	Gabaergic	Purkinje	Purkinje	Purkinje	Purkinje Cells	84	Cerebellum	GPL1261	TRAP	Galloway et al 2014	24986919	TRUE	TRUE	TRUE	TRUE	
GSM1373408	36	NA	GSM1373408,GSM1373409,GSM1373410	Neuron	Gabaergic	Purkinje	Purkinje	Purkinje	Purkinje Cells	28	Cerebellum	GPL1261	TRAP	Galloway et al 2014	24986919	TRUE	TRUE	TRUE	TRUE	
GSM1373409	36	NA	GSM1373408,GSM1373409,GSM1373410	Neuron	Gabaergic	Purkinje	Purkinje	Purkinje	Purkinje Cells	28	Cerebellum	GPL1261	TRAP	Galloway et al 2014	24986919	TRUE	TRUE	TRUE	TRUE	
GSM1373410	36	NA	GSM1373408,GSM1373409,GSM1373410	Neuron	Gabaergic	Purkinje	Purkinje	Purkinje	Purkinje Cells	28	Cerebellum	GPL1261	TRAP	Galloway et al 2014	24986919	TRUE	TRUE	TRUE	TRUE	
GSM1373414	37	NA	GSM1373414,GSM1373415,GSM1373416	Neuron	Gabaergic	Purkinje	Purkinje	Purkinje	Purkinje Cells	56	Cerebellum	GPL1261	TRAP	Galloway et al 2014	24986919	TRUE	TRUE	TRUE	TRUE	
GSM1373415	37	NA	GSM1373414,GSM1373415,GSM1373416	Neuron	Gabaergic	Purkinje	Purkinje	Purkinje	Purkinje Cells	56	Cerebellum	GPL1261	TRAP	Galloway et al 2014	24986919	TRUE	TRUE	TRUE	TRUE	
GSM1373416	37	NA	GSM1373414,GSM1373415,GSM1373416	Neuron	Gabaergic	Purkinje	Purkinje	Purkinje	Purkinje Cells	56	Cerebellum	GPL1261	TRAP	Galloway et al 2014	24986919	TRUE	TRUE	TRUE	TRUE	
GSM909419	38	NA	GSM909419,GSM909420,GSM909421	Neuron	Gabaergic	Purkinje	Purkinje	Purkinje	Purkinje Cells	14	Cerebellum	GPL1261	Manual	Paul et al 2012	22754500	TRUE	TRUE	TRUE	TRUE	
GSM909420	38	NA	GSM909419,GSM909420,GSM909421	Neuron	Gabaergic	Purkinje	Purkinje	Purkinje	Purkinje Cells	14	Cerebellum	GPL1261	Manual	Paul et al 2012	22754500	TRUE	TRUE	TRUE	TRUE	
GSM909421	38	NA	GSM909419,GSM909420,GSM909421	Neuron	Gabaergic	Purkinje	Purkinje	Purkinje	Purkinje Cells	14	Cerebellum	GPL1261	Manual	Paul et al 2012	22754500	TRUE	TRUE	TRUE	TRUE	
GSM909422	39	NA	GSM909422,GSM909423,GSM909424,GSM909425	Neuron	Gabaergic	Purkinje	Purkinje	Purkinje	Purkinje Cells	21	Cerebellum	GPL1261	Manual	Paul et al 2012	22754500	TRUE	TRUE	TRUE	TRUE	
GSM909423	39	NA	GSM909422,GSM909423,GSM909424,GSM909425	Neuron	Gabaergic	Purkinje	Purkinje	Purkinje	Purkinje Cells	21	Cerebellum	GPL1261	Manual	Paul et al 2012	22754500	TRUE	TRUE	TRUE	TRUE	
GSM909424	39	NA	GSM909422,GSM909423,GSM909424,GSM909425	Neuron	Gabaergic	Purkinje	Purkinje	Purkinje	Purkinje Cells	21	Cerebellum	GPL1261	Manual	Paul et al 2012	22754500	TRUE	TRUE	TRUE	TRUE	
GSM909425	39	NA	GSM909422,GSM909423,GSM909424,GSM909425	Neuron	Gabaergic	Purkinje	Purkinje	Purkinje	Purkinje Cells	21	Cerebellum	GPL1261	Manual	Paul et al 2012	22754500	TRUE	TRUE	TRUE	TRUE	
GSM909426	40	NA	GSM909426,GSM909427,GSM909428,GSM909429	Neuron	Gabaergic	Purkinje	Purkinje	Purkinje	Purkinje Cells	28	Cerebellum	GPL1261	Manual	Paul et al 2012	22754500	TRUE	TRUE	TRUE	TRUE	
GSM909427	40	NA	GSM909426,GSM909427,GSM909428,GSM909429	Neuron	Gabaergic	Purkinje	Purkinje	Purkinje	Purkinje Cells	28	Cerebellum	GPL1261	Manual	Paul et al 2012	22754500	TRUE	TRUE	TRUE	TRUE	
GSM909428	40	NA	GSM909426,GSM909427,GSM909428,GSM909429	Neuron	Gabaergic	Purkinje	Purkinje	Purkinje	Purkinje Cells	28	Cerebellum	GPL1261	Manual	Paul et al 2012	22754500	TRUE	TRUE	TRUE	TRUE	
GSM909429	40	NA	GSM909426,GSM909427,GSM909428,GSM909429	Neuron	Gabaergic	Purkinje	Purkinje	Purkinje	Purkinje Cells	28	Cerebellum	GPL1261	Manual	Paul et al 2012	22754500	TRUE	TRUE	TRUE	TRUE	
GSM909430	41	NA	GSM909430,GSM909431,GSM909432,GSM909433	Neuron	Gabaergic	Purkinje	Purkinje	Purkinje	Purkinje Cells	35	Cerebellum	GPL1261	Manual	Paul et al 2012	22754500	TRUE	TRUE	TRUE	TRUE	
GSM909431	41	NA	GSM909430,GSM909431,GSM909432,GSM909433	Neuron	Gabaergic	Purkinje	Purkinje	Purkinje	Purkinje Cells	35	Cerebellum	GPL1261	Manual	Paul et al 2012	22754500	TRUE	TRUE	TRUE	TRUE	
GSM909432	41	NA	GSM909430,GSM909431,GSM909432,GSM909433	Neuron	Gabaergic	Purkinje	Purkinje	Purkinje	Purkinje Cells	35	Cerebellum	GPL1261	Manual	Paul et al 2012	22754500	TRUE	TRUE	TRUE	TRUE	
GSM909433	41	NA	GSM909430,GSM909431,GSM909432,GSM909433	Neuron	Gabaergic	Purkinje	Purkinje	Purkinje	Purkinje Cells	35	Cerebellum	GPL1261	Manual	Paul et al 2012	22754500	TRUE	TRUE	TRUE	TRUE	
GSM909434	42	NA	GSM909434,GSM909435,GSM909436,GSM909437	Neuron	Gabaergic	Purkinje	Purkinje	Purkinje	Purkinje Cells	56	Cerebellum	GPL1261	Manual	Paul et al 2012	22754500	TRUE	TRUE	TRUE	TRUE	
GSM909435	42	NA	GSM909434,GSM909435,GSM909436,GSM909437	Neuron	Gabaergic	Purkinje	Purkinje	Purkinje	Purkinje Cells	56	Cerebellum	GPL1261	Manual	Paul et al 2012	22754500	TRUE	TRUE	TRUE	TRUE	
GSM909436	42	NA	GSM909434,GSM909435,GSM909436,GSM909437	Neuron	Gabaergic	Purkinje	Purkinje	Purkinje	Purkinje Cells	56	Cerebellum	GPL1261	Manual	Paul et al 2012	22754500	TRUE	TRUE	TRUE	TRUE	
GSM909437	42	NA	GSM909434,GSM909435,GSM909436,GSM909437	Neuron	Gabaergic	Purkinje	Purkinje	Purkinje	Purkinje Cells	56	Cerebellum	GPL1261	Manual	Paul et al 2012	22754500	TRUE	TRUE	TRUE	TRUE	
PC400_1	43	NA	PC400_1,PC400_2,PC400_3	Neuron	Gabaergic	Purkinje	Purkinje	Purkinje	Purkinje Cells	65	Cerebellum	GPL339	LCM	Rossner et al., 2006	17005859	TRUE	TRUE	TRUE	FALSE	
PC400_2	43	NA	PC400_1,PC400_2,PC400_3	Neuron	Gabaergic	Purkinje	Purkinje	Purkinje	Purkinje Cells	65	Cerebellum	GPL339	LCM	Rossner et al., 2006	17005859	TRUE	TRUE	TRUE	FALSE	
PC400_3	43	NA	PC400_1,PC400_2,PC400_3	Neuron	Gabaergic	Purkinje	Purkinje	Purkinje	Purkinje Cells	65	Cerebellum	GPL339	LCM	Rossner et al., 2006	17005859	TRUE	TRUE	TRUE	FALSE	
GSM444379	44	NA	GSM444379,GSM444380,GSM444381	Neuron	Gabaergic	Purkinje	Purkinje	Purkinje	Purkinje Cells from G42	38	Cerebellum	GPL1261	Manual	Sugino et al. 2014	25232122	TRUE	TRUE	TRUE	TRUE	
GSM444380	44	NA	GSM444379,GSM444380,GSM444381	Neuron	Gabaergic	Purkinje	Purkinje	Purkinje	Purkinje Cells from G42	38	Cerebellum	GPL1261	Manual	Sugino et al. 2014	25232122	TRUE	TRUE	TRUE	TRUE	
GSM444381	44	NA	GSM444379,GSM444380,GSM444381	Neuron	Gabaergic	Purkinje	Purkinje	Purkinje	Purkinje Cells from G42	38	Cerebellum	GPL1261	Manual	Sugino et al. 2014	25232122	TRUE	TRUE	TRUE	TRUE	
v2_cbw60	45	NA	v2_cbw60,v2_cbw73,v2_cbw87,v2_cbw87b	Neuron	Gabaergic	Purkinje	Purkinje	Purkinje	Purkinje Cells	45	Cerebellum	GPL339	Manual	Unpublished	NA	TRUE	TRUE	TRUE	FALSE	
v2_cbw73	45	NA	v2_cbw60,v2_cbw73,v2_cbw87,v2_cbw87b	Neuron	Gabaergic	Purkinje	Purkinje	Purkinje	Purkinje Cells	45	Cerebellum	GPL339	Manual	Unpublished	NA	TRUE	TRUE	TRUE	FALSE	
v2_cbw87	45	NA	v2_cbw60,v2_cbw73,v2_cbw87,v2_cbw87b	Neuron	Gabaergic	Purkinje	Purkinje	Purkinje	Purkinje Cells	45	Cerebellum	GPL339	Manual	Unpublished	NA	TRUE	TRUE	TRUE	FALSE	
v2_cbw87b	45	NA	v2_cbw60,v2_cbw73,v2_cbw87,v2_cbw87b	Neuron	Gabaergic	Purkinje	Purkinje	Purkinje	Purkinje Cells	45	Cerebellum	GPL339	Manual	Unpublished	NA	TRUE	TRUE	TRUE	FALSE	
GSM337807	46	NA	GSM337807,GSM337808,GSM337809	Neuron	Gabaergic	Spiny	Spiny	Spiny	Drd1+ Medium Spiny Neurons	Adult	Striatum	GPL1261	TRAP	Doyle et al., 2008	19013282	TRUE	TRUE	TRUE	TRUE	
GSM337808	46	NA	GSM337807,GSM337808,GSM337809	Neuron	Gabaergic	Spiny	Spiny	Spiny	Drd1+ Medium Spiny Neurons	Adult	Striatum	GPL1261	TRAP	Doyle et al., 2008	19013282	TRUE	TRUE	TRUE	TRUE	
GSM337809	46	NA	GSM337807,GSM337808,GSM337809	Neuron	Gabaergic	Spiny	Spiny	Spiny	Drd1+ Medium Spiny Neurons	Adult	Striatum	GPL1261	TRAP	Doyle et al., 2008	19013282	TRUE	TRUE	TRUE	TRUE	
GSM337812	47	NA	GSM337812,GSM337813,GSM337814	Neuron	Gabaergic	Spiny	Spiny	Spiny	Drd2+ Medium Spiny Neurons	Adult	Striatum	GPL1261	TRAP	Doyle et al., 2008	19013282	TRUE	TRUE	TRUE	TRUE	
GSM337813	47	NA	GSM337812,GSM337813,GSM337814	Neuron	Gabaergic	Spiny	Spiny	Spiny	Drd2+ Medium Spiny Neurons	Adult	Striatum	GPL1261	TRAP	Doyle et al., 2008	19013282	TRUE	TRUE	TRUE	TRUE	
GSM337814	47	NA	GSM337812,GSM337813,GSM337814	Neuron	Gabaergic	Spiny	Spiny	Spiny	Drd2+ Medium Spiny Neurons	Adult	Striatum	GPL1261	TRAP	Doyle et al., 2008	19013282	TRUE	TRUE	TRUE	TRUE	
GSM1329477	48	NA	GSM1329477,GSM1329478,GSM1329479,GSM1329485,GSM1329486,GSM1329488,GSM1329489,GSM1329490,GSM1329491,GSM1329492	Neuron	Gabaergic	Spiny	Spiny	Spiny	Drd2+ Medium Spiny Neurons	80	Striatum	GPL1261	TRAP	Heiman et al 2014	24599591	TRUE	TRUE	TRUE	TRUE	
GSM1329478	48	NA	GSM1329477,GSM1329478,GSM1329479,GSM1329485,GSM1329486,GSM1329488,GSM1329489,GSM1329490,GSM1329491,GSM1329492	Neuron	Gabaergic	Spiny	Spiny	Spiny	Drd2+ Medium Spiny Neurons	80	Striatum	GPL1261	TRAP	Heiman et al 2014	24599591	TRUE	TRUE	TRUE	TRUE	
GSM1329479	48	NA	GSM1329477,GSM1329478,GSM1329479,GSM1329485,GSM1329486,GSM1329488,GSM1329489,GSM1329490,GSM1329491,GSM1329492	Neuron	Gabaergic	Spiny	Spiny	Spiny	Drd2+ Medium Spiny Neurons	80	Striatum	GPL1261	TRAP	Heiman et al 2014	24599591	TRUE	TRUE	TRUE	TRUE	
GSM1329485	48	NA	GSM1329477,GSM1329478,GSM1329479,GSM1329485,GSM1329486,GSM1329488,GSM1329489,GSM1329490,GSM1329491,GSM1329492	Neuron	Gabaergic	Spiny	Spiny	Spiny	Drd2+ Medium Spiny Neurons	80	Striatum	GPL1261	TRAP	Heiman et al 2014	24599591	TRUE	TRUE	TRUE	TRUE	
GSM1329486	48	NA	GSM1329477,GSM1329478,GSM1329479,GSM1329485,GSM1329486,GSM1329488,GSM1329489,GSM1329490,GSM1329491,GSM1329492	Neuron	Gabaergic	Spiny	Spiny	Spiny	Drd2+ Medium Spiny Neurons	80	Striatum	GPL1261	TRAP	Heiman et al 2014	24599591	TRUE	TRUE	TRUE	TRUE	
GSM1329488	48	NA	GSM1329477,GSM1329478,GSM1329479,GSM1329485,GSM1329486,GSM1329488,GSM1329489,GSM1329490,GSM1329491,GSM1329492	Neuron	Gabaergic	Spiny	Spiny	Spiny	Drd2+ Medium Spiny Neurons	80	Striatum	GPL1261	TRAP	Heiman et al 2014	24599591	TRUE	TRUE	TRUE	TRUE	
GSM1329489	48	NA	GSM1329477,GSM1329478,GSM1329479,GSM1329485,GSM1329486,GSM1329488,GSM1329489,GSM1329490,GSM1329491,GSM1329492	Neuron	Gabaergic	Spiny	Spiny	Spiny	Drd2+ Medium Spiny Neurons	80	Striatum	GPL1261	TRAP	Heiman et al 2014	24599591	TRUE	TRUE	TRUE	TRUE	
GSM1329490	48	NA	GSM1329477,GSM1329478,GSM1329479,GSM1329485,GSM1329486,GSM1329488,GSM1329489,GSM1329490,GSM1329491,GSM1329492	Neuron	Gabaergic	Spiny	Spiny	Spiny	Drd2+ Medium Spiny Neurons	80	Striatum	GPL1261	TRAP	Heiman et al 2014	24599591	TRUE	TRUE	TRUE	TRUE	
GSM1329491	48	NA	GSM1329477,GSM1329478,GSM1329479,GSM1329485,GSM1329486,GSM1329488,GSM1329489,GSM1329490,GSM1329491,GSM1329492	Neuron	Gabaergic	Spiny	Spiny	Spiny	Drd2+ Medium Spiny Neurons	80	Striatum	GPL1261	TRAP	Heiman et al 2014	24599591	TRUE	TRUE	TRUE	TRUE	
GSM1329492	48	NA	GSM1329477,GSM1329478,GSM1329479,GSM1329485,GSM1329486,GSM1329488,GSM1329489,GSM1329490,GSM1329491,GSM1329492	Neuron	Gabaergic	Spiny	Spiny	Spiny	Drd2+ Medium Spiny Neurons	80	Striatum	GPL1261	TRAP	Heiman et al 2014	24599591	TRUE	TRUE	TRUE	TRUE	
GSM1329516	49	NA	GSM1329516,GSM1329517,GSM1329521,GSM1329522,GSM1329523,GSM1329524,GSM1329527,GSM1329528,GSM1329529,GSM1329530	Neuron	Gabaergic	Spiny	Spiny	Spiny	Drd1a+ Medium Spiny Neurons	80	Striatum	GPL1261	TRAP	Heiman et al 2014	24599591	TRUE	TRUE	TRUE	TRUE	
GSM1329517	49	NA	GSM1329516,GSM1329517,GSM1329521,GSM1329522,GSM1329523,GSM1329524,GSM1329527,GSM1329528,GSM1329529,GSM1329530	Neuron	Gabaergic	Spiny	Spiny	Spiny	Drd1a+ Medium Spiny Neurons	80	Striatum	GPL1261	TRAP	Heiman et al 2014	24599591	TRUE	TRUE	TRUE	TRUE	
GSM1329521	49	NA	GSM1329516,GSM1329517,GSM1329521,GSM1329522,GSM1329523,GSM1329524,GSM1329527,GSM1329528,GSM1329529,GSM1329530	Neuron	Gabaergic	Spiny	Spiny	Spiny	Drd1a+ Medium Spiny Neurons	80	Striatum	GPL1261	TRAP	Heiman et al 2014	24599591	TRUE	TRUE	TRUE	TRUE	
GSM1329522	49	NA	GSM1329516,GSM1329517,GSM1329521,GSM1329522,GSM1329523,GSM1329524,GSM1329527,GSM1329528,GSM1329529,GSM1329530	Neuron	Gabaergic	Spiny	Spiny	Spiny	Drd1a+ Medium Spiny Neurons	80	Striatum	GPL1261	TRAP	Heiman et al 2014	24599591	TRUE	TRUE	TRUE	TRUE	
GSM1329523	49	NA	GSM1329516,GSM1329517,GSM1329521,GSM1329522,GSM1329523,GSM1329524,GSM1329527,GSM1329528,GSM1329529,GSM1329530	Neuron	Gabaergic	Spiny	Spiny	Spiny	Drd1a+ Medium Spiny Neurons	80	Striatum	GPL1261	TRAP	Heiman et al 2014	24599591	TRUE	TRUE	TRUE	TRUE	
GSM1329524	49	NA	GSM1329516,GSM1329517,GSM1329521,GSM1329522,GSM1329523,GSM1329524,GSM1329527,GSM1329528,GSM1329529,GSM1329530	Neuron	Gabaergic	Spiny	Spiny	Spiny	Drd1a+ Medium Spiny Neurons	80	Striatum	GPL1261	TRAP	Heiman et al 2014	24599591	TRUE	TRUE	TRUE	TRUE	
GSM1329527	49	NA	GSM1329516,GSM1329517,GSM1329521,GSM1329522,GSM1329523,GSM1329524,GSM1329527,GSM1329528,GSM1329529,GSM1329530	Neuron	Gabaergic	Spiny	Spiny	Spiny	Drd1a+ Medium Spiny Neurons	80	Striatum	GPL1261	TRAP	Heiman et al 2014	24599591	TRUE	TRUE	TRUE	TRUE	
GSM1329528	49	NA	GSM1329516,GSM1329517,GSM1329521,GSM1329522,GSM1329523,GSM1329524,GSM1329527,GSM1329528,GSM1329529,GSM1329530	Neuron	Gabaergic	Spiny	Spiny	Spiny	Drd1a+ Medium Spiny Neurons	80	Striatum	GPL1261	TRAP	Heiman et al 2014	24599591	TRUE	TRUE	TRUE	TRUE	
GSM1329529	49	NA	GSM1329516,GSM1329517,GSM1329521,GSM1329522,GSM1329523,GSM1329524,GSM1329527,GSM1329528,GSM1329529,GSM1329530	Neuron	Gabaergic	Spiny	Spiny	Spiny	Drd1a+ Medium Spiny Neurons	80	Striatum	GPL1261	TRAP	Heiman et al 2014	24599591	TRUE	TRUE	TRUE	TRUE	
GSM1329530	49	NA	GSM1329516,GSM1329517,GSM1329521,GSM1329522,GSM1329523,GSM1329524,GSM1329527,GSM1329528,GSM1329529,GSM1329530	Neuron	Gabaergic	Spiny	Spiny	Spiny	Drd1a+ Medium Spiny Neurons	80	Striatum	GPL1261	TRAP	Heiman et al 2014	24599591	TRUE	TRUE	TRUE	TRUE	
GSM1321391	50	NA	GSM1321391,GSM1321398,GSM1321395	Neuron	Gabaergic	Spiny	Spiny	Spiny	Drd1+ Medium Spiny Neurons	210	Striatum	GPL1261	TRAP	Maze et al 2014	24584053	TRUE	TRUE	TRUE	TRUE	
GSM1321398	50	NA	GSM1321391,GSM1321398,GSM1321395	Neuron	Gabaergic	Spiny	Spiny	Spiny	Drd1+ Medium Spiny Neurons	210	Striatum	GPL1261	TRAP	Maze et al 2014	24584053	TRUE	TRUE	TRUE	TRUE	
GSM1321395	50	NA	GSM1321391,GSM1321398,GSM1321395	Neuron	Gabaergic	Spiny	Spiny	Spiny	Drd1+ Medium Spiny Neurons	210	Striatum	GPL1261	TRAP	Maze et al 2014	24584053	TRUE	TRUE	TRUE	TRUE	
GSM1321400	51	NA	GSM1321400,GSM1321402,GSM1321405	Neuron	Gabaergic	Spiny	Spiny	Spiny	Drd2+ Medium Spiny Neurons	105	Striatum	GPL1261	TRAP	Maze et al 2014	24584053	TRUE	TRUE	TRUE	TRUE	
GSM1321402	51	NA	GSM1321400,GSM1321402,GSM1321405	Neuron	Gabaergic	Spiny	Spiny	Spiny	Drd2+ Medium Spiny Neurons	105	Striatum	GPL1261	TRAP	Maze et al 2014	24584053	TRUE	TRUE	TRUE	TRUE	
GSM1321405	51	NA	GSM1321400,GSM1321402,GSM1321405	Neuron	Gabaergic	Spiny	Spiny	Spiny	Drd2+ Medium Spiny Neurons	105	Striatum	GPL1261	TRAP	Maze et al 2014	24584053	TRUE	TRUE	TRUE	TRUE	
GSM1185170	52	NA	GSM1185170,GSM1185171,GSM1185172,GSM1185173,GSM1185174,GSM1185175,GSM1185176	Neuron	Gabaergic	Spiny	Spiny	Spiny	Drd1a+ Medium Spiny Neurons	180	Striatum	GPL1261	TRAP	Tan et al 2013	24311694	TRUE	TRUE	TRUE	TRUE	
GSM1185171	52	NA	GSM1185170,GSM1185171,GSM1185172,GSM1185173,GSM1185174,GSM1185175,GSM1185176	Neuron	Gabaergic	Spiny	Spiny	Spiny	Drd1a+ Medium Spiny Neurons	180	Striatum	GPL1261	TRAP	Tan et al 2013	24311694	TRUE	TRUE	TRUE	TRUE	
GSM1185172	52	NA	GSM1185170,GSM1185171,GSM1185172,GSM1185173,GSM1185174,GSM1185175,GSM1185176	Neuron	Gabaergic	Spiny	Spiny	Spiny	Drd1a+ Medium Spiny Neurons	180	Striatum	GPL1261	TRAP	Tan et al 2013	24311694	TRUE	TRUE	TRUE	TRUE	
GSM1185173	52	NA	GSM1185170,GSM1185171,GSM1185172,GSM1185173,GSM1185174,GSM1185175,GSM1185176	Neuron	Gabaergic	Spiny	Spiny	Spiny	Drd1a+ Medium Spiny Neurons	180	Striatum	GPL1261	TRAP	Tan et al 2013	24311694	TRUE	TRUE	TRUE	TRUE	
GSM1185174	52	NA	GSM1185170,GSM1185171,GSM1185172,GSM1185173,GSM1185174,GSM1185175,GSM1185176	Neuron	Gabaergic	Spiny	Spiny	Spiny	Drd1a+ Medium Spiny Neurons	180	Striatum	GPL1261	TRAP	Tan et al 2013	24311694	TRUE	TRUE	TRUE	TRUE	
GSM1185175	52	NA	GSM1185170,GSM1185171,GSM1185172,GSM1185173,GSM1185174,GSM1185175,GSM1185176	Neuron	Gabaergic	Spiny	Spiny	Spiny	Drd1a+ Medium Spiny Neurons	180	Striatum	GPL1261	TRAP	Tan et al 2013	24311694	TRUE	TRUE	TRUE	TRUE	
GSM1185176	52	NA	GSM1185170,GSM1185171,GSM1185172,GSM1185173,GSM1185174,GSM1185175,GSM1185176	Neuron	Gabaergic	Spiny	Spiny	Spiny	Drd1a+ Medium Spiny Neurons	180	Striatum	GPL1261	TRAP	Tan et al 2013	24311694	TRUE	TRUE	TRUE	TRUE	
GSM337834	53	NA	GSM337834,GSM337835,GSM337836	Neuron	Glutamatergic	CerebGranule	CerebGranule	CerebGranule	Granule Cells	Adult	Cerebellum	GPL1261	TRAP	Doyle et al., 2008	19013282	TRUE	TRUE	TRUE	TRUE	
GSM337835	53	NA	GSM337834,GSM337835,GSM337836	Neuron	Glutamatergic	CerebGranule	CerebGranule	CerebGranule	Granule Cells	Adult	Cerebellum	GPL1261	TRAP	Doyle et al., 2008	19013282	TRUE	TRUE	TRUE	TRUE	
GSM337836	53	NA	GSM337834,GSM337835,GSM337836	Neuron	Glutamatergic	CerebGranule	CerebGranule	CerebGranule	Granule Cells	Adult	Cerebellum	GPL1261	TRAP	Doyle et al., 2008	19013282	TRUE	TRUE	TRUE	TRUE	
GSM281245	54	NA	GSM281245,GSM281246,GSM281249	Neuron	Glutamatergic	DentateGranule	DentateGranule	DentateGranule	dentate gyrus granule cells	49	Hippocampus	GPL1261	LCM	Perrone-Bizzozero NI et al. 2011	22004431	TRUE	TRUE	TRUE	TRUE	
GSM281246	54	NA	GSM281245,GSM281246,GSM281249	Neuron	Glutamatergic	DentateGranule	DentateGranule	DentateGranule	dentate gyrus granule cells	49	Hippocampus	GPL1261	LCM	Perrone-Bizzozero NI et al. 2011	22004431	TRUE	TRUE	TRUE	TRUE	
GSM281249	54	NA	GSM281245,GSM281246,GSM281249	Neuron	Glutamatergic	DentateGranule	DentateGranule	DentateGranule	dentate gyrus granule cells	49	Hippocampus	GPL1261	LCM	Perrone-Bizzozero NI et al. 2011	22004431	TRUE	TRUE	TRUE	TRUE	
GSM63048	55	NA	GSM63048,GSM63049,GSM63050	Neuron	Glutamatergic	Glutamatergic	Gluta	Gluta	Glutamatergic Neuron (not well defined)	65	Amygdala	GPL339	Manual	Sugino et al., 2006	16369481	TRUE	TRUE	TRUE	FALSE	
GSM63049	55	NA	GSM63048,GSM63049,GSM63050	Neuron	Glutamatergic	Glutamatergic	Gluta	Gluta	Glutamatergic Neuron (not well defined)	65	Amygdala	GPL339	Manual	Sugino et al., 2006	16369481	TRUE	TRUE	TRUE	FALSE	
GSM63050	55	NA	GSM63048,GSM63049,GSM63050	Neuron	Glutamatergic	Glutamatergic	Gluta	Gluta	Glutamatergic Neuron (not well defined)	65	Amygdala	GPL339	Manual	Sugino et al., 2006	16369481	TRUE	TRUE	TRUE	FALSE	
GSM947326	56	NA	GSM947326,GSM947327,GSM947328,GSM947329	Neuron	Hypocretinergic	Hypocretinergic	Hypocretinergic	Hypocretinergic	hypocretinergic neurons	63	Thalamus	GPL1261	TRAP	Dalal et al 2013	23431030	TRUE	TRUE	TRUE	TRUE	
GSM947327	56	NA	GSM947326,GSM947327,GSM947328,GSM947329	Neuron	Hypocretinergic	Hypocretinergic	Hypocretinergic	Hypocretinergic	hypocretinergic neurons	63	Thalamus	GPL1261	TRAP	Dalal et al 2013	23431030	TRUE	TRUE	TRUE	TRUE	
GSM947328	56	NA	GSM947326,GSM947327,GSM947328,GSM947329	Neuron	Hypocretinergic	Hypocretinergic	Hypocretinergic	Hypocretinergic	hypocretinergic neurons	63	Thalamus	GPL1261	TRAP	Dalal et al 2013	23431030	TRUE	TRUE	TRUE	TRUE	
GSM947329	56	NA	GSM947326,GSM947327,GSM947328,GSM947329	Neuron	Hypocretinergic	Hypocretinergic	Hypocretinergic	Hypocretinergic	hypocretinergic neurons	63	Thalamus	GPL1261	TRAP	Dalal et al 2013	23431030	TRUE	TRUE	TRUE	TRUE	
A10_15_Chee_S1_M430A	57	NA	A10_15_Chee_S1_M430A,A10_16_Chee_S1_M430A,A10_17_Chee_S1_M430A,A10_18_Chee_S1_M430A,A10_19_Chee_S1_M430A,A10_13_Chee_S1_M430A,A10_14_Chee_S1_M430A,A10_2_Chee_S1_M430A,A10_20_Chee_S1_M430A,A10_7_Chee_S1_M430A,A10_8_Chee_S1_M430A,A10_3_Chee_S1_M430A,A10_6_Chee_S1_M430A	Neuron	Monoamine	Dopaminergic	Dopaminergic	Dopaminergic	A10 Dopaminergic Neurons	Adult	SubstantiaNigra	GPL339	LCM	Chung et al., 2005	15888489	FALSE	TRUE	TRUE	FALSE	
A10_16_Chee_S1_M430A	57	NA	A10_15_Chee_S1_M430A,A10_16_Chee_S1_M430A,A10_17_Chee_S1_M430A,A10_18_Chee_S1_M430A,A10_19_Chee_S1_M430A,A10_13_Chee_S1_M430A,A10_14_Chee_S1_M430A,A10_2_Chee_S1_M430A,A10_20_Chee_S1_M430A,A10_7_Chee_S1_M430A,A10_8_Chee_S1_M430A,A10_3_Chee_S1_M430A,A10_6_Chee_S1_M430A	Neuron	Monoamine	Dopaminergic	Dopaminergic	Dopaminergic	A10 Dopaminergic Neurons	Adult	SubstantiaNigra	GPL339	LCM	Chung et al., 2005	15888489	FALSE	TRUE	TRUE	FALSE	
A10_8_Chee_S1_M430A	57	NA	A10_15_Chee_S1_M430A,A10_16_Chee_S1_M430A,A10_17_Chee_S1_M430A,A10_18_Chee_S1_M430A,A10_19_Chee_S1_M430A,A10_13_Chee_S1_M430A,A10_14_Chee_S1_M430A,A10_2_Chee_S1_M430A,A10_20_Chee_S1_M430A,A10_7_Chee_S1_M430A,A10_8_Chee_S1_M430A,A10_3_Chee_S1_M430A,A10_6_Chee_S1_M430A	Neuron	Monoamine	Dopaminergic	Dopaminergic	Dopaminergic	A10 Dopaminergic Neurons	Adult	SubstantiaNigra	GPL339	LCM	Chung et al., 2005	15888489	FALSE	TRUE	TRUE	FALSE	
A10_3_Chee_S1_M430A	57	NA	A10_15_Chee_S1_M430A,A10_16_Chee_S1_M430A,A10_17_Chee_S1_M430A,A10_18_Chee_S1_M430A,A10_19_Chee_S1_M430A,A10_13_Chee_S1_M430A,A10_14_Chee_S1_M430A,A10_2_Chee_S1_M430A,A10_20_Chee_S1_M430A,A10_7_Chee_S1_M430A,A10_8_Chee_S1_M430A,A10_3_Chee_S1_M430A,A10_6_Chee_S1_M430A	Neuron	Monoamine	Dopaminergic	Dopaminergic	Dopaminergic	A10 Dopaminergic Neurons	Adult	SubstantiaNigra	GPL339	LCM	Chung et al., 2005	15888489	FALSE	TRUE	TRUE	FALSE	
A10_6_Chee_S1_M430A	57	NA	A10_15_Chee_S1_M430A,A10_16_Chee_S1_M430A,A10_17_Chee_S1_M430A,A10_18_Chee_S1_M430A,A10_19_Chee_S1_M430A,A10_13_Chee_S1_M430A,A10_14_Chee_S1_M430A,A10_2_Chee_S1_M430A,A10_20_Chee_S1_M430A,A10_7_Chee_S1_M430A,A10_8_Chee_S1_M430A,A10_3_Chee_S1_M430A,A10_6_Chee_S1_M430A	Neuron	Monoamine	Dopaminergic	Dopaminergic	Dopaminergic	A10 Dopaminergic Neurons	Adult	SubstantiaNigra	GPL339	LCM	Chung et al., 2005	15888489	FALSE	TRUE	TRUE	FALSE	
A10_17_Chee_S1_M430A	57	NA	A10_15_Chee_S1_M430A,A10_16_Chee_S1_M430A,A10_17_Chee_S1_M430A,A10_18_Chee_S1_M430A,A10_19_Chee_S1_M430A,A10_13_Chee_S1_M430A,A10_14_Chee_S1_M430A,A10_2_Chee_S1_M430A,A10_20_Chee_S1_M430A,A10_7_Chee_S1_M430A,A10_8_Chee_S1_M430A,A10_3_Chee_S1_M430A,A10_6_Chee_S1_M430A	Neuron	Monoamine	Dopaminergic	Dopaminergic	Dopaminergic	A10 Dopaminergic Neurons	Adult	SubstantiaNigra	GPL339	LCM	Chung et al., 2005	15888489	FALSE	TRUE	TRUE	FALSE	
A10_18_Chee_S1_M430A	57	NA	A10_15_Chee_S1_M430A,A10_16_Chee_S1_M430A,A10_17_Chee_S1_M430A,A10_18_Chee_S1_M430A,A10_19_Chee_S1_M430A,A10_13_Chee_S1_M430A,A10_14_Chee_S1_M430A,A10_2_Chee_S1_M430A,A10_20_Chee_S1_M430A,A10_7_Chee_S1_M430A,A10_8_Chee_S1_M430A,A10_3_Chee_S1_M430A,A10_6_Chee_S1_M430A	Neuron	Monoamine	Dopaminergic	Dopaminergic	Dopaminergic	A10 Dopaminergic Neurons	Adult	SubstantiaNigra	GPL339	LCM	Chung et al., 2005	15888489	FALSE	TRUE	TRUE	FALSE	
A10_19_Chee_S1_M430A	57	NA	A10_15_Chee_S1_M430A,A10_16_Chee_S1_M430A,A10_17_Chee_S1_M430A,A10_18_Chee_S1_M430A,A10_19_Chee_S1_M430A,A10_13_Chee_S1_M430A,A10_14_Chee_S1_M430A,A10_2_Chee_S1_M430A,A10_20_Chee_S1_M430A,A10_7_Chee_S1_M430A,A10_8_Chee_S1_M430A,A10_3_Chee_S1_M430A,A10_6_Chee_S1_M430A	Neuron	Monoamine	Dopaminergic	Dopaminergic	Dopaminergic	A10 Dopaminergic Neurons	Adult	SubstantiaNigra	GPL339	LCM	Chung et al., 2005	15888489	FALSE	TRUE	TRUE	FALSE	
A10_13_Chee_S1_M430A	57	NA	A10_15_Chee_S1_M430A,A10_16_Chee_S1_M430A,A10_17_Chee_S1_M430A,A10_18_Chee_S1_M430A,A10_19_Chee_S1_M430A,A10_13_Chee_S1_M430A,A10_14_Chee_S1_M430A,A10_2_Chee_S1_M430A,A10_20_Chee_S1_M430A,A10_7_Chee_S1_M430A,A10_8_Chee_S1_M430A,A10_3_Chee_S1_M430A,A10_6_Chee_S1_M430A	Neuron	Monoamine	Dopaminergic	Dopaminergic	Dopaminergic	A10 Dopaminergic Neurons	Adult	SubstantiaNigra	GPL339	LCM	Chung et al., 2005	15888489	FALSE	TRUE	TRUE	FALSE	
A10_14_Chee_S1_M430A	57	NA	A10_15_Chee_S1_M430A,A10_16_Chee_S1_M430A,A10_17_Chee_S1_M430A,A10_18_Chee_S1_M430A,A10_19_Chee_S1_M430A,A10_13_Chee_S1_M430A,A10_14_Chee_S1_M430A,A10_2_Chee_S1_M430A,A10_20_Chee_S1_M430A,A10_7_Chee_S1_M430A,A10_8_Chee_S1_M430A,A10_3_Chee_S1_M430A,A10_6_Chee_S1_M430A	Neuron	Monoamine	Dopaminergic	Dopaminergic	Dopaminergic	A10 Dopaminergic Neurons	Adult	SubstantiaNigra	GPL339	LCM	Chung et al., 2005	15888489	FALSE	TRUE	TRUE	FALSE	
A10_2_Chee_S1_M430A	57	NA	A10_15_Chee_S1_M430A,A10_16_Chee_S1_M430A,A10_17_Chee_S1_M430A,A10_18_Chee_S1_M430A,A10_19_Chee_S1_M430A,A10_13_Chee_S1_M430A,A10_14_Chee_S1_M430A,A10_2_Chee_S1_M430A,A10_20_Chee_S1_M430A,A10_7_Chee_S1_M430A,A10_8_Chee_S1_M430A,A10_3_Chee_S1_M430A,A10_6_Chee_S1_M430A	Neuron	Monoamine	Dopaminergic	Dopaminergic	Dopaminergic	A10 Dopaminergic Neurons	Adult	SubstantiaNigra	GPL339	LCM	Chung et al., 2005	15888489	FALSE	TRUE	TRUE	FALSE	
A10_20_Chee_S1_M430A	57	NA	A10_15_Chee_S1_M430A,A10_16_Chee_S1_M430A,A10_17_Chee_S1_M430A,A10_18_Chee_S1_M430A,A10_19_Chee_S1_M430A,A10_13_Chee_S1_M430A,A10_14_Chee_S1_M430A,A10_2_Chee_S1_M430A,A10_20_Chee_S1_M430A,A10_7_Chee_S1_M430A,A10_8_Chee_S1_M430A,A10_3_Chee_S1_M430A,A10_6_Chee_S1_M430A	Neuron	Monoamine	Dopaminergic	Dopaminergic	Dopaminergic	A10 Dopaminergic Neurons	Adult	SubstantiaNigra	GPL339	LCM	Chung et al., 2005	15888489	FALSE	TRUE	TRUE	FALSE	
A10_7_Chee_S1_M430A	57	NA	A10_15_Chee_S1_M430A,A10_16_Chee_S1_M430A,A10_17_Chee_S1_M430A,A10_18_Chee_S1_M430A,A10_19_Chee_S1_M430A,A10_13_Chee_S1_M430A,A10_14_Chee_S1_M430A,A10_2_Chee_S1_M430A,A10_20_Chee_S1_M430A,A10_7_Chee_S1_M430A,A10_8_Chee_S1_M430A,A10_3_Chee_S1_M430A,A10_6_Chee_S1_M430A	Neuron	Monoamine	Dopaminergic	Dopaminergic	Dopaminergic	A10 Dopaminergic Neurons	Adult	SubstantiaNigra	GPL339	LCM	Chung et al., 2005	15888489	FALSE	TRUE	TRUE	FALSE	
A9_13_Chee_S1_M430A	58	NA	A9_13_Chee_S1_M430A,A9_15_Chee_S1_M430A,A9_17_Chee_S1_M430A,A9_14_Chee_S1_M430A,A9_16_Chee_S1_M430A,A9_18_Chee_S1_M430A,A9_19_Chee_S1_M430A,A9_20_Chee_S1_M430A,A9_6_Chee_S1_M430A,A9_7_Chee_S1_M430A,A9_8_Chee_S1_M430A	Neuron	Monoamine	Dopaminergic	Dopaminergic	Dopaminergic	A9 Dopaminergic Neurons	Adult	SubstantiaNigra	GPL339	LCM	Chung et al., 2005	15888489	FALSE	TRUE	TRUE	FALSE	
A9_15_Chee_S1_M430A	58	NA	A9_13_Chee_S1_M430A,A9_15_Chee_S1_M430A,A9_17_Chee_S1_M430A,A9_14_Chee_S1_M430A,A9_16_Chee_S1_M430A,A9_18_Chee_S1_M430A,A9_19_Chee_S1_M430A,A9_20_Chee_S1_M430A,A9_6_Chee_S1_M430A,A9_7_Chee_S1_M430A,A9_8_Chee_S1_M430A	Neuron	Monoamine	Dopaminergic	Dopaminergic	Dopaminergic	A9 Dopaminergic Neurons	Adult	SubstantiaNigra	GPL339	LCM	Chung et al., 2005	15888489	FALSE	TRUE	TRUE	FALSE	
A9_8_Chee_S1_M430A	58	NA	A9_13_Chee_S1_M430A,A9_15_Chee_S1_M430A,A9_17_Chee_S1_M430A,A9_14_Chee_S1_M430A,A9_16_Chee_S1_M430A,A9_18_Chee_S1_M430A,A9_19_Chee_S1_M430A,A9_20_Chee_S1_M430A,A9_6_Chee_S1_M430A,A9_7_Chee_S1_M430A,A9_8_Chee_S1_M430A	Neuron	Monoamine	Dopaminergic	Dopaminergic	Dopaminergic	A9 Dopaminergic Neurons	Adult	SubstantiaNigra	GPL339	LCM	Chung et al., 2005	15888489	FALSE	TRUE	TRUE	FALSE	
A9_17_Chee_S1_M430A	58	NA	A9_13_Chee_S1_M430A,A9_15_Chee_S1_M430A,A9_17_Chee_S1_M430A,A9_14_Chee_S1_M430A,A9_16_Chee_S1_M430A,A9_18_Chee_S1_M430A,A9_19_Chee_S1_M430A,A9_20_Chee_S1_M430A,A9_6_Chee_S1_M430A,A9_7_Chee_S1_M430A,A9_8_Chee_S1_M430A	Neuron	Monoamine	Dopaminergic	Dopaminergic	Dopaminergic	A9 Dopaminergic Neurons	Adult	SubstantiaNigra	GPL339	LCM	Chung et al., 2005	15888489	FALSE	TRUE	TRUE	FALSE	
A9_14_Chee_S1_M430A	58	NA	A9_13_Chee_S1_M430A,A9_15_Chee_S1_M430A,A9_17_Chee_S1_M430A,A9_14_Chee_S1_M430A,A9_16_Chee_S1_M430A,A9_18_Chee_S1_M430A,A9_19_Chee_S1_M430A,A9_20_Chee_S1_M430A,A9_6_Chee_S1_M430A,A9_7_Chee_S1_M430A,A9_8_Chee_S1_M430A	Neuron	Monoamine	Dopaminergic	Dopaminergic	Dopaminergic	A9 Dopaminergic Neurons	Adult	SubstantiaNigra	GPL339	LCM	Chung et al., 2005	15888489	FALSE	TRUE	TRUE	FALSE	
A9_16_Chee_S1_M430A	58	NA	A9_13_Chee_S1_M430A,A9_15_Chee_S1_M430A,A9_17_Chee_S1_M430A,A9_14_Chee_S1_M430A,A9_16_Chee_S1_M430A,A9_18_Chee_S1_M430A,A9_19_Chee_S1_M430A,A9_20_Chee_S1_M430A,A9_6_Chee_S1_M430A,A9_7_Chee_S1_M430A,A9_8_Chee_S1_M430A	Neuron	Monoamine	Dopaminergic	Dopaminergic	Dopaminergic	A9 Dopaminergic Neurons	Adult	SubstantiaNigra	GPL339	LCM	Chung et al., 2005	15888489	FALSE	TRUE	TRUE	FALSE	
A9_18_Chee_S1_M430A	58	NA	A9_13_Chee_S1_M430A,A9_15_Chee_S1_M430A,A9_17_Chee_S1_M430A,A9_14_Chee_S1_M430A,A9_16_Chee_S1_M430A,A9_18_Chee_S1_M430A,A9_19_Chee_S1_M430A,A9_20_Chee_S1_M430A,A9_6_Chee_S1_M430A,A9_7_Chee_S1_M430A,A9_8_Chee_S1_M430A	Neuron	Monoamine	Dopaminergic	Dopaminergic	Dopaminergic	A9 Dopaminergic Neurons	Adult	SubstantiaNigra	GPL339	LCM	Chung et al., 2005	15888489	FALSE	TRUE	TRUE	FALSE	
A9_19_Chee_S1_M430A	58	NA	A9_13_Chee_S1_M430A,A9_15_Chee_S1_M430A,A9_17_Chee_S1_M430A,A9_14_Chee_S1_M430A,A9_16_Chee_S1_M430A,A9_18_Chee_S1_M430A,A9_19_Chee_S1_M430A,A9_20_Chee_S1_M430A,A9_6_Chee_S1_M430A,A9_7_Chee_S1_M430A,A9_8_Chee_S1_M430A	Neuron	Monoamine	Dopaminergic	Dopaminergic	Dopaminergic	A9 Dopaminergic Neurons	Adult	SubstantiaNigra	GPL339	LCM	Chung et al., 2005	15888489	FALSE	TRUE	TRUE	FALSE	
A9_20_Chee_S1_M430A	58	NA	A9_13_Chee_S1_M430A,A9_15_Chee_S1_M430A,A9_17_Chee_S1_M430A,A9_14_Chee_S1_M430A,A9_16_Chee_S1_M430A,A9_18_Chee_S1_M430A,A9_19_Chee_S1_M430A,A9_20_Chee_S1_M430A,A9_6_Chee_S1_M430A,A9_7_Chee_S1_M430A,A9_8_Chee_S1_M430A	Neuron	Monoamine	Dopaminergic	Dopaminergic	Dopaminergic	A9 Dopaminergic Neurons	Adult	SubstantiaNigra	GPL339	LCM	Chung et al., 2005	15888489	FALSE	TRUE	TRUE	FALSE	
A9_6_Chee_S1_M430A	58	NA	A9_13_Chee_S1_M430A,A9_15_Chee_S1_M430A,A9_17_Chee_S1_M430A,A9_14_Chee_S1_M430A,A9_16_Chee_S1_M430A,A9_18_Chee_S1_M430A,A9_19_Chee_S1_M430A,A9_20_Chee_S1_M430A,A9_6_Chee_S1_M430A,A9_7_Chee_S1_M430A,A9_8_Chee_S1_M430A	Neuron	Monoamine	Dopaminergic	Dopaminergic	Dopaminergic	A9 Dopaminergic Neurons	Adult	SubstantiaNigra	GPL339	LCM	Chung et al., 2005	15888489	FALSE	TRUE	TRUE	FALSE	
A9_7_Chee_S1_M430A	58	NA	A9_13_Chee_S1_M430A,A9_15_Chee_S1_M430A,A9_17_Chee_S1_M430A,A9_14_Chee_S1_M430A,A9_16_Chee_S1_M430A,A9_18_Chee_S1_M430A,A9_19_Chee_S1_M430A,A9_20_Chee_S1_M430A,A9_6_Chee_S1_M430A,A9_7_Chee_S1_M430A,A9_8_Chee_S1_M430A	Neuron	Monoamine	Dopaminergic	Dopaminergic	Dopaminergic	A9 Dopaminergic Neurons	Adult	SubstantiaNigra	GPL339	LCM	Chung et al., 2005	15888489	FALSE	TRUE	TRUE	FALSE	
GSM437382	59	NA	GSM437382,GSM437383,GSM437384	Neuron	Monoamine	Dopaminergic	Dopaminergic	Dopaminergic	A9 Dopaminergic Neurons	Adult	SubstantiaNigra	GPL1261	LCM	Phani et al. 2015	20462502	FALSE	TRUE	TRUE	TRUE	
GSM437383	59	NA	GSM437382,GSM437383,GSM437384	Neuron	Monoamine	Dopaminergic	Dopaminergic	Dopaminergic	A9 Dopaminergic Neurons	Adult	SubstantiaNigra	GPL1261	LCM	Phani et al. 2015	20462502	FALSE	TRUE	TRUE	TRUE	
GSM437384	59	NA	GSM437382,GSM437383,GSM437384	Neuron	Monoamine	Dopaminergic	Dopaminergic	Dopaminergic	A9 Dopaminergic Neurons	Adult	SubstantiaNigra	GPL1261	LCM	Phani et al. 2015	20462502	FALSE	TRUE	TRUE	TRUE	
GSM437391	60	NA	GSM437391,GSM437392,GSM437393	Neuron	Monoamine	Dopaminergic	Dopaminergic	Dopaminergic	A10 Dopaminergic Neurons	Adult	SubstantiaNigra	GPL1261	LCM	Phani et al. 2015	20462502	FALSE	TRUE	TRUE	TRUE	
GSM437392	60	NA	GSM437391,GSM437392,GSM437393	Neuron	Monoamine	Dopaminergic	Dopaminergic	Dopaminergic	A10 Dopaminergic Neurons	Adult	SubstantiaNigra	GPL1261	LCM	Phani et al. 2015	20462502	FALSE	TRUE	TRUE	TRUE	
GSM437393	60	NA	GSM437391,GSM437392,GSM437393	Neuron	Monoamine	Dopaminergic	Dopaminergic	Dopaminergic	A10 Dopaminergic Neurons	Adult	SubstantiaNigra	GPL1261	LCM	Phani et al. 2015	20462502	FALSE	TRUE	TRUE	TRUE	
GSM1464137	61	NA	GSM1464137,GSM1464138,GSM1464139	Neuron	Monoamine	Noradrenergic	Noradrenergic	Th_positive_LC	Tyrosine Hydroxylase Expressing young	23	LocusCereuleus	GPL1261	Manual	Sugino et al. 2014	25232122	TRUE	TRUE	TRUE	TRUE	
GSM1464138	61	NA	GSM1464137,GSM1464138,GSM1464139	Neuron	Monoamine	Noradrenergic	Noradrenergic	Th_positive_LC	Tyrosine Hydroxylase Expressing young	23	LocusCereuleus	GPL1261	Manual	Sugino et al. 2014	25232122	TRUE	TRUE	TRUE	TRUE	
GSM1464139	61	NA	GSM1464137,GSM1464138,GSM1464139	Neuron	Monoamine	Noradrenergic	Noradrenergic	Th_positive_LC	Tyrosine Hydroxylase Expressing young	23	LocusCereuleus	GPL1261	Manual	Sugino et al. 2014	25232122	TRUE	TRUE	TRUE	TRUE	
GSM215871	62	NA	GSM215871,GSM215872,GSM215873	Neuron	Monoamine	Noradrenergic	Noradrenergic	Th_positive_LC	Tyrosine Hydroxylase Expressing	40	LocusCereuleus	GPL1261	Manual	Sugino et al. 2014	25232122	TRUE	TRUE	TRUE	TRUE	
GSM215872	62	NA	GSM215871,GSM215872,GSM215873	Neuron	Monoamine	Noradrenergic	Noradrenergic	Th_positive_LC	Tyrosine Hydroxylase Expressing	40	LocusCereuleus	GPL1261	Manual	Sugino et al. 2014	25232122	TRUE	TRUE	TRUE	TRUE	
GSM215873	62	NA	GSM215871,GSM215872,GSM215873	Neuron	Monoamine	Noradrenergic	Noradrenergic	Th_positive_LC	Tyrosine Hydroxylase Expressing	40	LocusCereuleus	GPL1261	Manual	Sugino et al. 2014	25232122	TRUE	TRUE	TRUE	TRUE	
v2_th118LC	63	NA	v2_th118LC,v2_th34LC,v2_th52LC	Neuron	Monoamine	Noradrenergic	Noradrenergic	Th_positive_LC	Tyrosine Hydroxylase Expressing	45	LocusCereuleus	GPL339	Manual	Unpublished	NA	TRUE	TRUE	TRUE	FALSE	
v2_th34LC	63	NA	v2_th118LC,v2_th34LC,v2_th52LC	Neuron	Monoamine	Noradrenergic	Noradrenergic	Th_positive_LC	Tyrosine Hydroxylase Expressing	45	LocusCereuleus	GPL339	Manual	Unpublished	NA	TRUE	TRUE	TRUE	FALSE	
v2_th52LC	63	NA	v2_th118LC,v2_th34LC,v2_th52LC	Neuron	Monoamine	Noradrenergic	Noradrenergic	Th_positive_LC	Tyrosine Hydroxylase Expressing	45	LocusCereuleus	GPL339	Manual	Unpublished	NA	TRUE	TRUE	TRUE	FALSE	
GSM880683	64	NA	GSM880683,GSM880684,GSM880685	Neuron	Monoamine	Serotonergic	Serotonergic	Serotonergic	Serotonergic Neurons	63	Brainstem,Midbrain,LocusCereuleus	GPL1261	TRAP	Dougherty et al 2013	23407934	FALSE	TRUE	TRUE	TRUE	
GSM880684	64	NA	GSM880683,GSM880684,GSM880685	Neuron	Monoamine	Serotonergic	Serotonergic	Serotonergic	Serotonergic Neurons	63	Brainstem,Midbrain,LocusCereuleus	GPL1261	TRAP	Dougherty et al 2013	23407934	FALSE	TRUE	TRUE	TRUE	
GSM880685	64	NA	GSM880683,GSM880684,GSM880685	Neuron	Monoamine	Serotonergic	Serotonergic	Serotonergic	Serotonergic Neurons	63	Brainstem,Midbrain,LocusCereuleus	GPL1261	TRAP	Dougherty et al 2013	23407934	FALSE	TRUE	TRUE	TRUE	
GSM63033	71	NA	GSM63033,GSM63034,GSM63035	Neuron	Pyramidal	Pyramidal CrtThalamic	PyramidalCorticoThalam	Pyramidal	Pyramidal Neurons	60	Cortex	GPL339	Manual	Sugino et al., 2006	16369481	TRUE	TRUE	TRUE	FALSE	
GSM63034	71	NA	GSM63033,GSM63034,GSM63035	Neuron	Pyramidal	Pyramidal CrtThalamic	PyramidalCorticoThalam	Pyramidal	Pyramidal Neurons	60	Cortex	GPL339	Manual	Sugino et al., 2006	16369481	TRUE	TRUE	TRUE	FALSE	
GSM63035	71	NA	GSM63033,GSM63034,GSM63035	Neuron	Pyramidal	Pyramidal CrtThalamic	PyramidalCorticoThalam	Pyramidal	Pyramidal Neurons	60	Cortex	GPL339	Manual	Sugino et al., 2006	16369481	TRUE	TRUE	TRUE	FALSE	
GSM874480	65	NA	GSM874480,GSM874481,GSM874482	Neuron	Pyramidal	Pyramidal Glt25d2	Pyramidal_Glt_25d2	Pyramidal	Glt25d2 positive pyramidal cells	60	Cortex	GPL1261	TRAP	Schmidt et al 2012	22632977	TRUE	TRUE	TRUE	TRUE	possible contamination same as Shrestha et al. 2015 GSM1698220,GSM1698221
GSM874481	65	NA	GSM874480,GSM874481,GSM874482	Neuron	Pyramidal	Pyramidal Glt25d2	Pyramidal_Glt_25d2	Pyramidal	Glt25d2 positive pyramidal cells	60	Cortex	GPL1261	TRAP	Schmidt et al 2012	22632977	TRUE	TRUE	TRUE	TRUE	possible contamination same as Shrestha et al. 2015 GSM1698220,GSM1698221
GSM874482	65	NA	GSM874480,GSM874481,GSM874482	Neuron	Pyramidal	Pyramidal Glt25d2	Pyramidal_Glt_25d2	Pyramidal	Glt25d2 positive pyramidal cells	60	Cortex	GPL1261	TRAP	Schmidt et al 2012	22632977	TRUE	TRUE	TRUE	TRUE	possible contamination same as Shrestha et al. 2015 GSM1698220,GSM1698221
GSM874416	66	NA	GSM874416,GSM874418,GSM874420	Neuron	Pyramidal	Pyramidal S100a10	Pyramidal_S100a10	Pyramidal	S100a10 positive pyramidal cells	60	Cortex	GPL1261	TRAP	Schmidt et al 2012	22632977	TRUE	TRUE	TRUE	TRUE	possible contamination, same as Shrestha et al. 2015 GSM1698222,GSM1698223,GSM1698224
GSM874418	66	NA	GSM874416,GSM874418,GSM874420	Neuron	Pyramidal	Pyramidal S100a10	Pyramidal_S100a10	Pyramidal	S100a10 positive pyramidal cells	60	Cortex	GPL1261	TRAP	Schmidt et al 2012	22632977	TRUE	TRUE	TRUE	TRUE	possible contamination, same as Shrestha et al. 2015 GSM1698222,GSM1698223,GSM1698224
GSM874420	66	NA	GSM874416,GSM874418,GSM874420	Neuron	Pyramidal	Pyramidal S100a10	Pyramidal_S100a10	Pyramidal	S100a10 positive pyramidal cells	60	Cortex	GPL1261	TRAP	Schmidt et al 2012	22632977	TRUE	TRUE	TRUE	TRUE	possible contamination, same as Shrestha et al. 2015 GSM1698222,GSM1698223,GSM1698224
GSM63045	67	NA	GSM63045,GSM63046,GSM63047	Neuron	Pyramidal	Pyramidal Thy1	Pyramidal_Thy1	Pyramidal	Pyramidal Neurons	63	Amygdala	GPL339	Manual	Sugino et al., 2006	16369481	TRUE	TRUE	TRUE	FALSE	
GSM63046	67	NA	GSM63045,GSM63046,GSM63047	Neuron	Pyramidal	Pyramidal Thy1	Pyramidal_Thy1	Pyramidal	Pyramidal Neurons	63	Amygdala	GPL339	Manual	Sugino et al., 2006	16369481	TRUE	TRUE	TRUE	FALSE	
GSM63047	67	NA	GSM63045,GSM63046,GSM63047	Neuron	Pyramidal	Pyramidal Thy1	Pyramidal_Thy1	Pyramidal	Pyramidal Neurons	63	Amygdala	GPL339	Manual	Sugino et al., 2006	16369481	TRUE	TRUE	TRUE	FALSE	
GSM63036	68	NA	GSM63036,GSM63037,GSM63038	Neuron	Pyramidal	Pyramidal Thy1	Pyramidal_Thy1	Pyramidal	Pyramidal Neurons	62	Cortex	GPL339	Manual	Sugino et al., 2006	16369481	TRUE	TRUE	TRUE	FALSE	
GSM63037	68	NA	GSM63036,GSM63037,GSM63038	Neuron	Pyramidal	Pyramidal Thy1	Pyramidal_Thy1	Pyramidal	Pyramidal Neurons	62	Cortex	GPL339	Manual	Sugino et al., 2006	16369481	TRUE	TRUE	TRUE	FALSE	
GSM63038	68	NA	GSM63036,GSM63037,GSM63038	Neuron	Pyramidal	Pyramidal Thy1	Pyramidal_Thy1	Pyramidal	Pyramidal Neurons	62	Cortex	GPL339	Manual	Sugino et al., 2006	16369481	TRUE	TRUE	TRUE	FALSE	
GSM63042	69	NA	GSM63042,GSM63043,GSM63044	Neuron	Pyramidal	Pyramidal Thy1	Pyramidal_Thy1	Pyramidal	Pyramidal Neurons	64	Hippocampus	GPL339	Manual	Sugino et al., 2006	16369481	TRUE	TRUE	TRUE	FALSE	
GSM63043	69	NA	GSM63042,GSM63043,GSM63044	Neuron	Pyramidal	Pyramidal Thy1	Pyramidal_Thy1	Pyramidal	Pyramidal Neurons	64	Hippocampus	GPL339	Manual	Sugino et al., 2006	16369481	TRUE	TRUE	TRUE	FALSE	
GSM63044	69	NA	GSM63042,GSM63043,GSM63044	Neuron	Pyramidal	Pyramidal Thy1	Pyramidal_Thy1	Pyramidal	Pyramidal Neurons	64	Hippocampus	GPL339	Manual	Sugino et al., 2006	16369481	TRUE	TRUE	TRUE	FALSE	
GSM63039	70	NA	GSM63039,GSM63040,GSM63041	Neuron	Pyramidal	Pyramidal Thy1	Pyramidal_Thy1	Pyramidal	Pyramidal Neurons	61	Cortex	GPL339	Manual	Sugino et al., 2006	16369481	TRUE	TRUE	TRUE	FALSE	
GSM63040	70	NA	GSM63039,GSM63040,GSM63041	Neuron	Pyramidal	Pyramidal Thy1	Pyramidal_Thy1	Pyramidal	Pyramidal Neurons	61	Cortex	GPL339	Manual	Sugino et al., 2006	16369481	TRUE	TRUE	TRUE	FALSE	
GSM63041	70	NA	GSM63039,GSM63040,GSM63041	Neuron	Pyramidal	Pyramidal Thy1	Pyramidal_Thy1	Pyramidal	Pyramidal Neurons	61	Cortex	GPL339	Manual	Sugino et al., 2006	16369481	TRUE	TRUE	TRUE	FALSE	
GSM37088	72	NA	GSM37088,GSM37089	Neuron	NA	NA	NA	Pyramidal	Pyramidal Neurons, Callosally projecting, P14	14	Cortex	GPL339	FACS	Arlotta et al., 2005	15664173	TRUE	TRUE	TRUE	FALSE	
GSM37089	72	NA	GSM37088,GSM37089	Neuron	NA	NA	NA	Pyramidal	Pyramidal Neurons, Callosally projecting, P14	14	Cortex	GPL339	FACS	Arlotta et al., 2005	15664173	TRUE	TRUE	TRUE	FALSE	
GSM37084	73	NA	GSM37084,GSM37085	Neuron	NA	NA	NA	NA	Pyramidal Neurons, Callosally projecting, P3	3	Cortex	GPL339	FACS	Arlotta et al., 2005	15664173	TRUE	TRUE	TRUE	FALSE	
GSM37085	73	NA	GSM37084,GSM37085	Neuron	NA	NA	NA	NA	Pyramidal Neurons, Callosally projecting, P3	3	Cortex	GPL339	FACS	Arlotta et al., 2005	15664173	TRUE	TRUE	TRUE	FALSE	
GSM37086	74	NA	GSM37086,GSM37087	Neuron	NA	NA	NA	NA	Pyramidal Neurons, Callosally projecting, P6	6	Cortex	GPL339	FACS	Arlotta et al., 2005	15664173	TRUE	TRUE	TRUE	FALSE	
GSM37087	74	NA	GSM37086,GSM37087	Neuron	NA	NA	NA	NA	Pyramidal Neurons, Callosally projecting, P6	6	Cortex	GPL339	FACS	Arlotta et al., 2005	15664173	TRUE	TRUE	TRUE	FALSE	
GSM37097	75	NA	GSM37097,GSM37098	Neuron	NA	NA	NA	Pyramidal	Pyramidal Neurons, Corticospinal, P14	14	Cortex	GPL339	FACS	Arlotta et al., 2005	15664173	TRUE	TRUE	TRUE	FALSE	
GSM37098	75	NA	GSM37097,GSM37098	Neuron	NA	NA	NA	Pyramidal	Pyramidal Neurons, Corticospinal, P14	14	Cortex	GPL339	FACS	Arlotta et al., 2005	15664173	TRUE	TRUE	TRUE	FALSE	
GSM37092	76	NA	GSM37092,GSM37093,GSM37094	Neuron	NA	NA	NA	NA	Pyramidal Neurons, Corticospinal, P3	3	Cortex	GPL339	FACS	Arlotta et al., 2005	15664173	TRUE	TRUE	TRUE	FALSE	
GSM37093	76	NA	GSM37092,GSM37093,GSM37094	Neuron	NA	NA	NA	NA	Pyramidal Neurons, Corticospinal, P3	3	Cortex	GPL339	FACS	Arlotta et al., 2005	15664173	TRUE	TRUE	TRUE	FALSE	
GSM37094	76	NA	GSM37092,GSM37093,GSM37094	Neuron	NA	NA	NA	NA	Pyramidal Neurons, Corticospinal, P3	3	Cortex	GPL339	FACS	Arlotta et al., 2005	15664173	TRUE	TRUE	TRUE	FALSE	
GSM442554	77	NA	GSM442554,GSM442555,GSM442556	Neuron	NA	NA	NA	NA	Pyramidal Neurons, Callosally projecting, P3	3	Cortex	GPL1261	FACS	Arlotta et al., 2005	15664173	TRUE	TRUE	TRUE	TRUE	Re-check the citation later, shreejoy wanted them
GSM442555	77	NA	GSM442554,GSM442555,GSM442556	Neuron	NA	NA	NA	NA	Pyramidal Neurons, Callosally projecting, P3	3	Cortex	GPL1261	FACS	Arlotta et al., 2005	15664173	TRUE	TRUE	TRUE	TRUE	Re-check the citation later, shreejoy wanted them
GSM442556	77	NA	GSM442554,GSM442555,GSM442556	Neuron	NA	NA	NA	NA	Pyramidal Neurons, Callosally projecting, P3	3	Cortex	GPL1261	FACS	Arlotta et al., 2005	15664173	TRUE	TRUE	TRUE	TRUE	Re-check the citation later, shreejoy wanted them
GSM37095	78	NA	GSM37095,GSM37096	Neuron	NA	NA	NA	NA	Pyramidal Neurons, Corticospinal, P6	6	Cortex	GPL339	FACS	Arlotta et al., 2005	15664173	TRUE	TRUE	TRUE	FALSE	
GSM37096	78	NA	GSM37095,GSM37096	Neuron	NA	NA	NA	NA	Pyramidal Neurons, Corticospinal, P6	6	Cortex	GPL339	FACS	Arlotta et al., 2005	15664173	TRUE	TRUE	TRUE	FALSE	
GSM442557	79	NA	GSM442557,GSM442558	Neuron	NA	NA	NA	NA	Pyramidal Neurons, Callosally projecting, P6	6	Cortex	GPL1261	FACS	Arlotta et al., 2005	15664173	TRUE	TRUE	TRUE	TRUE	Re-check the citation later, shreejoy wanted them
GSM442558	79	NA	GSM442557,GSM442558	Neuron	NA	NA	NA	NA	Pyramidal Neurons, Callosally projecting, P6	6	Cortex	GPL1261	FACS	Arlotta et al., 2005	15664173	TRUE	TRUE	TRUE	TRUE	Re-check the citation later, shreejoy wanted them
GSM37099	80	NA	GSM37099,GSM37100	Neuron	NA	NA	NA	Pyramidal	Pyramidal Neurons, Corticotectal, P14	14	Cortex	GPL339	FACS	Arlotta et al., 2005	15664173	TRUE	TRUE	TRUE	FALSE	
GSM37100	80	NA	GSM37099,GSM37100	Neuron	NA	NA	NA	Pyramidal	Pyramidal Neurons, Corticotectal, P14	14	Cortex	GPL339	FACS	Arlotta et al., 2005	15664173	TRUE	TRUE	TRUE	FALSE	
GSM241898	81	NA	GSM241898,GSM241900,GSM241902	Glia	NA	NA	NA	NA	Astrocytes	7	Cortex	GPL1261	PAN/FACS	Cahoy et al., 2008	18171944	TRUE	TRUE	TRUE	TRUE	
GSM241900	81	NA	GSM241898,GSM241900,GSM241902	Glia	NA	NA	NA	NA	Astrocytes	7	Cortex	GPL1261	PAN/FACS	Cahoy et al., 2008	18171944	TRUE	TRUE	TRUE	TRUE	
GSM241902	81	NA	GSM241898,GSM241900,GSM241902	Glia	NA	NA	NA	NA	Astrocytes	7	Cortex	GPL1261	PAN/FACS	Cahoy et al., 2008	18171944	TRUE	TRUE	TRUE	TRUE	
GSM241889	82	NA	GSM241889,GSM241891,GSM241892,GSM241917	Glia	NA	NA	NA	NA	Oligodendrocytes	7	Cortex	GPL1261	PAN	Cahoy et al., 2008	18171944	TRUE	TRUE	TRUE	TRUE	
GSM241891	82	NA	GSM241889,GSM241891,GSM241892,GSM241917	Glia	NA	NA	NA	NA	Oligodendrocytes	7	Cortex	GPL1261	PAN	Cahoy et al., 2008	18171944	TRUE	TRUE	TRUE	TRUE	
GSM241892	82	NA	GSM241889,GSM241891,GSM241892,GSM241917	Glia	NA	NA	NA	NA	Oligodendrocytes	7	Cortex	GPL1261	PAN	Cahoy et al., 2008	18171944	TRUE	TRUE	TRUE	TRUE	
GSM241917	82	NA	GSM241889,GSM241891,GSM241892,GSM241917	Glia	NA	NA	NA	NA	Oligodendrocytes	7	Cortex	GPL1261	PAN	Cahoy et al., 2008	18171944	TRUE	TRUE	TRUE	TRUE	
GSM241895	83	NA	GSM241895,GSM241916	Glia	NA	NA	NA	NA	Oligodendrocyte Precursors	7	Cortex	GPL1261	PAN	Cahoy et al., 2008	18171944	TRUE	TRUE	TRUE	TRUE	
GSM241916	83	NA	GSM241895,GSM241916	Glia	NA	NA	NA	NA	Oligodendrocyte Precursors	7	Cortex	GPL1261	PAN	Cahoy et al., 2008	18171944	TRUE	TRUE	TRUE	TRUE	
GSM337760	84	NA	GSM337760,GSM337761,GSM337762	Glia	NA	NA	NA	NA	Astroglia	Adult	Cerebellum	GPL1261	TRAP	Doyle et al., 2008	19013282	TRUE	TRUE	TRUE	TRUE	
GSM337761	84	NA	GSM337760,GSM337761,GSM337762	Glia	NA	NA	NA	NA	Astroglia	Adult	Cerebellum	GPL1261	TRAP	Doyle et al., 2008	19013282	TRUE	TRUE	TRUE	TRUE	
GSM337762	84	NA	GSM337760,GSM337761,GSM337762	Glia	NA	NA	NA	NA	Astroglia	Adult	Cerebellum	GPL1261	TRAP	Doyle et al., 2008	19013282	TRUE	TRUE	TRUE	TRUE	
GSM337763	85	NA	GSM337763,GSM337764,GSM337766,GSM337767	Glia	NA	NA	NA	NA	Astroglia	Adult	Cortex	GPL1261	TRAP	Doyle et al., 2008	19013282	TRUE	TRUE	TRUE	TRUE	same as GSM1698234,GSM1698236,GSM1698235
GSM337764	85	NA	GSM337763,GSM337764,GSM337766,GSM337767	Glia	NA	NA	NA	NA	Astroglia	Adult	Cortex	GPL1261	TRAP	Doyle et al., 2008	19013282	TRUE	TRUE	TRUE	TRUE	same as GSM1698234,GSM1698236,GSM1698235
GSM337766	85	NA	GSM337763,GSM337764,GSM337766,GSM337767	Glia	NA	NA	NA	NA	Astroglia	Adult	Cortex	GPL1261	TRAP	Doyle et al., 2008	19013282	TRUE	TRUE	TRUE	TRUE	same as GSM1698234,GSM1698236,GSM1698235
GSM337767	85	NA	GSM337763,GSM337764,GSM337766,GSM337767	Glia	NA	NA	NA	NA	Astroglia	Adult	Cortex	GPL1261	TRAP	Doyle et al., 2008	19013282	TRUE	TRUE	TRUE	TRUE	same as GSM1698234,GSM1698236,GSM1698235
GSM337804	86	NA	GSM337804,GSM337805,GSM337806	Neuron	NA	NA	NA	NA	Cort+ interneurons	Adult	Cortex	GPL1261	TRAP	Doyle et al., 2008	19013282	TRUE	TRUE	TRUE	TRUE	
GSM337805	86	NA	GSM337804,GSM337805,GSM337806	Neuron	NA	NA	NA	NA	Cort+ interneurons	Adult	Cortex	GPL1261	TRAP	Doyle et al., 2008	19013282	TRUE	TRUE	TRUE	TRUE	
GSM337806	86	NA	GSM337804,GSM337805,GSM337806	Neuron	NA	NA	NA	NA	Cort+ interneurons	Adult	Cortex	GPL1261	TRAP	Doyle et al., 2008	19013282	TRUE	TRUE	TRUE	TRUE	
GSM337837	87	NA	GSM337837,GSM337838,GSM337839	NA	NA	NA	NA	NA	Pyramidal Neurons	Adult	Cortex	GPL1261	TRAP	Doyle et al., 2008	19013282	TRUE	TRUE	TRUE	TRUE	Astrocyte contamination
GSM337838	87	NA	GSM337837,GSM337838,GSM337839	NA	NA	NA	NA	NA	Pyramidal Neurons	Adult	Cortex	GPL1261	TRAP	Doyle et al., 2008	19013282	TRUE	TRUE	TRUE	TRUE	Astrocyte contamination
GSM337839	87	NA	GSM337837,GSM337838,GSM337839	NA	NA	NA	NA	NA	Pyramidal Neurons	Adult	Cortex	GPL1261	TRAP	Doyle et al., 2008	19013282	TRUE	TRUE	TRUE	TRUE	Astrocyte contamination
GSM337817	88	NA	GSM337817,GSM337818,GSM337819	NA	NA	NA	NA	NA	Pyramidal Neurons	Adult	Cortex	GPL1261	TRAP	Doyle et al., 2008	19013282	TRUE	TRUE	TRUE	TRUE	Astrocyte contamination
GSM337818	88	NA	GSM337817,GSM337818,GSM337819	NA	NA	NA	NA	NA	Pyramidal Neurons	Adult	Cortex	GPL1261	TRAP	Doyle et al., 2008	19013282	TRUE	TRUE	TRUE	TRUE	Astrocyte contamination
GSM337819	88	NA	GSM337817,GSM337818,GSM337819	NA	NA	NA	NA	NA	Pyramidal Neurons	Adult	Cortex	GPL1261	TRAP	Doyle et al., 2008	19013282	TRUE	TRUE	TRUE	TRUE	Astrocyte contamination
GSM337821	89	NA	GSM337821,GSM337822,GSM337823	NA	NA	NA	NA	NA	Pyramidal Neurons	Adult	Cortex	GPL1261	TRAP	Doyle et al., 2008	19013282	TRUE	TRUE	TRUE	TRUE	Astrocyte contamination
GSM337822	89	NA	GSM337821,GSM337822,GSM337823	NA	NA	NA	NA	NA	Pyramidal Neurons	Adult	Cortex	GPL1261	TRAP	Doyle et al., 2008	19013282	TRUE	TRUE	TRUE	TRUE	Astrocyte contamination
GSM337823	89	NA	GSM337821,GSM337822,GSM337823	NA	NA	NA	NA	NA	Pyramidal Neurons	Adult	Cortex	GPL1261	TRAP	Doyle et al., 2008	19013282	TRUE	TRUE	TRUE	TRUE	Astrocyte contamination
GSM337828	90	NA	GSM337828,GSM337829,GSM337830	Neuron	NA	NA	NA	NA	Unipolar Brush cells (some Bergman Glia)	Adult	Cerebellum	GPL1261	TRAP	Doyle et al., 2008	19013282	TRUE	TRUE	TRUE	TRUE	
GSM337829	90	NA	GSM337828,GSM337829,GSM337830	Neuron	NA	NA	NA	NA	Unipolar Brush cells (some Bergman Glia)	Adult	Cerebellum	GPL1261	TRAP	Doyle et al., 2008	19013282	TRUE	TRUE	TRUE	TRUE	
GSM337830	90	NA	GSM337828,GSM337829,GSM337830	Neuron	NA	NA	NA	NA	Unipolar Brush cells (some Bergman Glia)	Adult	Cerebellum	GPL1261	TRAP	Doyle et al., 2008	19013282	TRUE	TRUE	TRUE	TRUE	
GSM1372745	91	NA	GSM1372745,GSM1372746,GSM1372747	Neuron	NA	NA	NA	NA	Dlx1 gabaergic	63	Cortex	GPL1261	TRAP	Nakajima et al. 2015	25303526	TRUE	TRUE	TRUE	TRUE	same as GSM1698228,GSM1698229,GSM1698230
GSM1372746	91	NA	GSM1372745,GSM1372746,GSM1372747	Neuron	NA	NA	NA	NA	Dlx1 gabaergic	63	Cortex	GPL1261	TRAP	Nakajima et al. 2015	25303526	TRUE	TRUE	TRUE	TRUE	same as GSM1698228,GSM1698229,GSM1698230
GSM1372747	91	NA	GSM1372745,GSM1372746,GSM1372747	Neuron	NA	NA	NA	NA	Dlx1 gabaergic	63	Cortex	GPL1261	TRAP	Nakajima et al. 2015	25303526	TRUE	TRUE	TRUE	TRUE	same as GSM1698228,GSM1698229,GSM1698230
GSM1372751	92	NA	GSM1372751,GSM1372752,GSM1372753	Neuron	NA	NA	NA	NA	Nek7 Gabaergic	63	Cortex	GPL1261	TRAP	Nakajima et al. 2015	25303526	TRUE	TRUE	TRUE	TRUE	astrocyte-glia contamination
GSM1372752	92	NA	GSM1372751,GSM1372752,GSM1372753	Neuron	NA	NA	NA	NA	Nek7 Gabaergic	63	Cortex	GPL1261	TRAP	Nakajima et al. 2015	25303526	TRUE	TRUE	TRUE	TRUE	astrocyte-glia contamination
GSM1372753	92	NA	GSM1372751,GSM1372752,GSM1372753	Neuron	NA	NA	NA	NA	Nek7 Gabaergic	63	Cortex	GPL1261	TRAP	Nakajima et al. 2015	25303526	TRUE	TRUE	TRUE	TRUE	astrocyte-glia contamination
GSM1372754	93	NA	GSM1372754,GSM1372755,GSM1372756	Neuron	Gabaergic	GabaHtr3a	NA	NA	Htr3a cells, cortex	Adult	Cortex	GPL1261	TRAP	Nakanima et. Al 2014	25303526	TRUE	TRUE	TRUE	TRUE	Includes VIP cells
GSM1372755	93	NA	GSM1372754,GSM1372755,GSM1372756	Neuron	Gabaergic	GabaHtr3a	NA	NA	Htr3a cells, cortex	Adult	Cortex	GPL1261	TRAP	Nakanima et. Al 2014	25303526	TRUE	TRUE	TRUE	TRUE	Includes VIP cells
GSM1372756	93	NA	GSM1372754,GSM1372755,GSM1372756	Neuron	Gabaergic	GabaHtr3a	NA	NA	Htr3a cells, cortex	Adult	Cortex	GPL1261	TRAP	Nakanima et. Al 2014	25303526	TRUE	TRUE	TRUE	TRUE	Includes VIP cells
GSM1372757	94	NA	GSM1372757,GSM1372758,GSM1372759	Neuron	Gabaergic	GabaOxtr	NA	NA	Oxtr cells, cortex	Adult	Cortex	GPL1261	TRAP	Nakanima et. Al 2014	25303526	TRUE	TRUE	TRUE	TRUE	Similar to pyramidal cells
GSM1372758	94	NA	GSM1372757,GSM1372758,GSM1372759	Neuron	Gabaergic	GabaOxtr	NA	NA	Oxtr cells, cortex	Adult	Cortex	GPL1261	TRAP	Nakanima et. Al 2014	25303526	TRUE	TRUE	TRUE	TRUE	Similar to pyramidal cells
GSM1372759	94	NA	GSM1372757,GSM1372758,GSM1372759	Neuron	Gabaergic	GabaOxtr	NA	NA	Oxtr cells, cortex	Adult	Cortex	GPL1261	TRAP	Nakanima et. Al 2014	25303526	TRUE	TRUE	TRUE	TRUE	Similar to pyramidal cells
GSM444352	95	NA	GSM444352,GSM444353,GSM444354	Neuron	NA	NA	NA	NA	GABAergic Interneurons, PV+, P10	10	Cortex	GPL1261	Manual	Okaty et al., 2009	19474331	TRUE	TRUE	TRUE	TRUE	
GSM444353	95	NA	GSM444352,GSM444353,GSM444354	Neuron	NA	NA	NA	NA	GABAergic Interneurons, PV+, P10	10	Cortex	GPL1261	Manual	Okaty et al., 2009	19474331	TRUE	TRUE	TRUE	TRUE	
GSM444354	95	NA	GSM444352,GSM444353,GSM444354	Neuron	NA	NA	NA	NA	GABAergic Interneurons, PV+, P10	10	Cortex	GPL1261	Manual	Okaty et al., 2009	19474331	TRUE	TRUE	TRUE	TRUE	
GSM444349	96	NA	GSM444349,GSM444350,GSM444351	Neuron	NA	NA	NA	NA	GABAergic Interneurons, PV+, P7	7	Cortex	GPL1261	Manual	Okaty et al., 2009	19474331	TRUE	TRUE	TRUE	TRUE	
GSM444350	96	NA	GSM444349,GSM444350,GSM444351	Neuron	NA	NA	NA	NA	GABAergic Interneurons, PV+, P7	7	Cortex	GPL1261	Manual	Okaty et al., 2009	19474331	TRUE	TRUE	TRUE	TRUE	
GSM444351	96	NA	GSM444349,GSM444350,GSM444351	Neuron	NA	NA	NA	NA	GABAergic Interneurons, PV+, P7	7	Cortex	GPL1261	Manual	Okaty et al., 2009	19474331	TRUE	TRUE	TRUE	TRUE	
GSM909413	97	NA	GSM909413,GSM909414,GSM909415	Neuron	NA	NA	NA	NA	Purkinje Cells	3	Cerebellum	GPL1261	Manual	Paul et al 2012	22754500	TRUE	TRUE	TRUE	TRUE	
GSM909414	97	NA	GSM909413,GSM909414,GSM909415	Neuron	NA	NA	NA	NA	Purkinje Cells	3	Cerebellum	GPL1261	Manual	Paul et al 2012	22754500	TRUE	TRUE	TRUE	TRUE	
GSM909415	97	NA	GSM909413,GSM909414,GSM909415	Neuron	NA	NA	NA	NA	Purkinje Cells	3	Cerebellum	GPL1261	Manual	Paul et al 2012	22754500	TRUE	TRUE	TRUE	TRUE	
GSM909416	98	NA	GSM909416,GSM909417,GSM909418	Neuron	NA	NA	NA	NA	Purkinje Cells	7	Cerebellum	GPL1261	Manual	Paul et al 2012	22754500	TRUE	TRUE	TRUE	TRUE	
GSM909417	98	NA	GSM909416,GSM909417,GSM909418	Neuron	NA	NA	NA	NA	Purkinje Cells	7	Cerebellum	GPL1261	Manual	Paul et al 2012	22754500	TRUE	TRUE	TRUE	TRUE	
GSM909418	98	NA	GSM909416,GSM909417,GSM909418	Neuron	NA	NA	NA	NA	Purkinje Cells	7	Cerebellum	GPL1261	Manual	Paul et al 2012	22754500	TRUE	TRUE	TRUE	TRUE	
GSM909452	99	NA	GSM909452,GSM909453,GSM909454	Neuron	NA	NA	NA	NA	Stellate Basket Cells	56	Cerebellum	GPL1261	Manual	Paul et al 2012	22754500	TRUE	TRUE	TRUE	TRUE	Purkinje cells contamination
GSM909453	99	NA	GSM909452,GSM909453,GSM909454	Neuron	NA	NA	NA	NA	Stellate Basket Cells	56	Cerebellum	GPL1261	Manual	Paul et al 2012	22754500	TRUE	TRUE	TRUE	TRUE	Purkinje cells contamination
GSM909454	99	NA	GSM909452,GSM909453,GSM909454	Neuron	NA	NA	NA	NA	Stellate Basket Cells	56	Cerebellum	GPL1261	Manual	Paul et al 2012	22754500	TRUE	TRUE	TRUE	TRUE	Purkinje cells contamination
Y.MCx_1	100	NA	Y+MCx_1,Y+MCx_2,Y+MCx_3	NA	NA	NA	NA	NA	Pyramidal Neurons	66	Cortex	GPL339	LCM	Rossner et al., 2006	17005859	TRUE	TRUE	TRUE	FALSE	Astrocyte contamination
Y.MCx_2	100	NA	Y+MCx_1,Y+MCx_2,Y+MCx_3	NA	NA	NA	NA	NA	Pyramidal Neurons	66	Cortex	GPL339	LCM	Rossner et al., 2006	17005859	TRUE	TRUE	TRUE	FALSE	Astrocyte contamination
Y.MCx_3	100	NA	Y+MCx_1,Y+MCx_2,Y+MCx_3	NA	NA	NA	NA	NA	Pyramidal Neurons	66	Cortex	GPL339	LCM	Rossner et al., 2006	17005859	TRUE	TRUE	TRUE	FALSE	Astrocyte contamination
Y.SSCx_1	101	NA	Y+SSCx_1,Y+SSCx_2,Y+SSCx_3	NA	NA	NA	NA	NA	Pyramidal Neurons	67	Cortex	GPL339	LCM	Rossner et al., 2006	17005859	TRUE	TRUE	TRUE	FALSE	Astrocyte contamination
Y.SSCx_2	101	NA	Y+SSCx_1,Y+SSCx_2,Y+SSCx_3	NA	NA	NA	NA	NA	Pyramidal Neurons	67	Cortex	GPL339	LCM	Rossner et al., 2006	17005859	TRUE	TRUE	TRUE	FALSE	Astrocyte contamination
Y.SSCx_3	101	NA	Y+SSCx_1,Y+SSCx_2,Y+SSCx_3	NA	NA	NA	NA	NA	Pyramidal Neurons	67	Cortex	GPL339	LCM	Rossner et al., 2006	17005859	TRUE	TRUE	TRUE	FALSE	Astrocyte contamination
GSM874512	102	NA	GSM874512,GSM874514,GSM874516	Neuron	NA	NA	NA	NA	S100a10 pyramidal VEH Treated	60	Cortex	GPL1261	TRAP	Schmidt et al 2012	22632977	TRUE	TRUE	TRUE	TRUE	Vehicle treated samples. Not to use for gene selection
GSM874514	102	NA	GSM874512,GSM874514,GSM874516	Neuron	NA	NA	NA	NA	S100a10 pyramidal VEH Treated	60	Cortex	GPL1261	TRAP	Schmidt et al 2012	22632977	TRUE	TRUE	TRUE	TRUE	Vehicle treated samples. Not to use for gene selection
GSM874516	102	NA	GSM874512,GSM874514,GSM874516	Neuron	NA	NA	NA	NA	S100a10 pyramidal VEH Treated	60	Cortex	GPL1261	TRAP	Schmidt et al 2012	22632977	TRUE	TRUE	TRUE	TRUE	Vehicle treated samples. Not to use for gene selection
GSM874527	103	NA	GSM874527,GSM874529,GSM874531	Neuron	NA	NA	NA	NA	Glt25d2 pyramidal VEH Treated	60	Cortex	GPL1261	TRAP	Schmidt et al 2012	22632977	TRUE	TRUE	TRUE	TRUE	Vehicle treated samples. Not to use for gene selection
GSM874529	103	NA	GSM874527,GSM874529,GSM874531	Neuron	NA	NA	NA	NA	Glt25d2 pyramidal VEH Treated	60	Cortex	GPL1261	TRAP	Schmidt et al 2012	22632977	TRUE	TRUE	TRUE	TRUE	Vehicle treated samples. Not to use for gene selection
GSM874531	103	NA	GSM874527,GSM874529,GSM874531	Neuron	NA	NA	NA	NA	Glt25d2 pyramidal VEH Treated	60	Cortex	GPL1261	TRAP	Schmidt et al 2012	22632977	TRUE	TRUE	TRUE	TRUE	Vehicle treated samples. Not to use for gene selection
GSM1698217	104	NA	GSM1698217,GSM1698218,GSM1698219	Neuron	NA	NA	NA	NA	Ntf3 pyramidal	63	Cortex	GPL1261	TRAP	Shrestha et al. 2015	26371510	TRUE	TRUE	TRUE	TRUE	
GSM1698218	104	NA	GSM1698217,GSM1698218,GSM1698219	Neuron	NA	NA	NA	NA	Ntf3 pyramidal	63	Cortex	GPL1261	TRAP	Shrestha et al. 2015	26371510	TRUE	TRUE	TRUE	TRUE	
GSM1698219	104	NA	GSM1698217,GSM1698218,GSM1698219	Neuron	NA	NA	NA	NA	Ntf3 pyramidal	63	Cortex	GPL1261	TRAP	Shrestha et al. 2015	26371510	TRUE	TRUE	TRUE	TRUE	
GSM1698225	105	NA	GSM1698225,GSM1698226,GSM1698227	Neuron	NA	NA	NA	NA	Ntsr1 pyramidal	63	Cortex	GPL1261	TRAP	Shrestha et al. 2015	26371510	TRUE	TRUE	TRUE	TRUE	
GSM1698226	105	NA	GSM1698225,GSM1698226,GSM1698227	Neuron	NA	NA	NA	NA	Ntsr1 pyramidal	63	Cortex	GPL1261	TRAP	Shrestha et al. 2015	26371510	TRUE	TRUE	TRUE	TRUE	
GSM1698227	105	NA	GSM1698225,GSM1698226,GSM1698227	Neuron	NA	NA	NA	NA	Ntsr1 pyramidal	63	Cortex	GPL1261	TRAP	Shrestha et al. 2015	26371510	TRUE	TRUE	TRUE	TRUE	
v2_yrt2.wt	106	NA	v2_yrt2-wt,v2_yrt2-wt1,v2_yrt3-wt,v2_yrt6-wt	Neuron	NA	NA	NA	Pyramidal	Pyramidal Neurons	60	Cortex	GPL339	Manual	Unpublished	NA	TRUE	TRUE	TRUE	FALSE	Somehow 3 of the samples are same as GSM215865,GSM215866,GSM215867
v2_yrt2.wt1	106	NA	v2_yrt2-wt,v2_yrt2-wt1,v2_yrt3-wt,v2_yrt6-wt	Neuron	NA	NA	NA	Pyramidal	Pyramidal Neurons	60	Cortex	GPL339	Manual	Unpublished	NA	TRUE	TRUE	TRUE	FALSE	Somehow 3 of the samples are same as GSM215865,GSM215866,GSM215867
v2_yrt3.wt	106	NA	v2_yrt2-wt,v2_yrt2-wt1,v2_yrt3-wt,v2_yrt6-wt	Neuron	NA	NA	NA	Pyramidal	Pyramidal Neurons	60	Cortex	GPL339	Manual	Unpublished	NA	TRUE	TRUE	TRUE	FALSE	Somehow 3 of the samples are same as GSM215865,GSM215866,GSM215867
v2_yrt6.wt	106	NA	v2_yrt2-wt,v2_yrt2-wt1,v2_yrt3-wt,v2_yrt6-wt	Neuron	NA	NA	NA	Pyramidal	Pyramidal Neurons	60	Cortex	GPL339	Manual	Unpublished	NA	TRUE	TRUE	TRUE	FALSE	Somehow 3 of the samples are same as GSM215865,GSM215866,GSM215867
