sampleName	originalIndex	GSE	samples	MajorType	Neurotransmitter	ShinyNames	CellTypes	PyramidalDeep	BroadTypes	Description	Age	Region	Platform	Method	Reference	PMID	RegionToChildren	RegionToParent	Normalize	Normalize2	Notes
GSM241912	1	GSE9566	GSM241912,GSM241914,GSM241926	Glia	Astrocyte	Astrocyte	Astrocyte	Astrocyte	Astrocyte	Astrocytes	17	Cortex,Cerebrum,Thalamus,Brainstem,SpinalCord,Subependymal	GPL1261	PAN/FACS	Cahoy et al., 2008	18171944	TRUE	TRUE	TRUE	TRUE	
GSM241914	1	GSE9566	GSM241912,GSM241914,GSM241926	Glia	Astrocyte	Astrocyte	Astrocyte	Astrocyte	Astrocyte	Astrocytes	17	Cortex,Cerebrum,Thalamus,Brainstem,SpinalCord,Subependymal	GPL1261	PAN/FACS	Cahoy et al., 2008	18171944	TRUE	TRUE	TRUE	TRUE	
GSM241926	1	GSE9566	GSM241912,GSM241914,GSM241926	Glia	Astrocyte	Astrocyte	Astrocyte	Astrocyte	Astrocyte	Astrocytes	17	Cortex,Cerebrum,Thalamus,Brainstem,SpinalCord,Subependymal	GPL1261	PAN/FACS	Cahoy et al., 2008	18171944	TRUE	TRUE	TRUE	TRUE	
GSM241915	2	GSE9566	GSM241915,GSM241925	Glia	Astrocyte	Astrocyte	Astrocyte	Astrocyte	Astrocyte	Astrocytes	17	Cortex,Cerebrum,Thalamus,Brainstem,SpinalCord,Subependymal	GPL1261	PAN/FACS	Cahoy et al., 2008	18171944	TRUE	TRUE	TRUE	TRUE	
GSM241925	2	GSE9566	GSM241915,GSM241925	Glia	Astrocyte	Astrocyte	Astrocyte	Astrocyte	Astrocyte	Astrocytes	17	Cortex,Cerebrum,Thalamus,Brainstem,SpinalCord,Subependymal	GPL1261	PAN/FACS	Cahoy et al., 2008	18171944	TRUE	TRUE	TRUE	TRUE	
GSM866327	3	GSE35338	GSM866327,GSM866328,GSM866329,GSM866330	Glia	Astrocyte	Astrocyte	Astrocyte	Astrocyte	Astrocyte	Astrocyte	33	Cortex,Cerebrum,Thalamus,Brainstem,SpinalCord,Subependymal	GPL1261	FACS	Zamanian et al 2012	22553043	TRUE	TRUE	TRUE	TRUE	
GSM866328	3	GSE35338	GSM866327,GSM866328,GSM866329,GSM866330	Glia	Astrocyte	Astrocyte	Astrocyte	Astrocyte	Astrocyte	Astrocyte	33	Cortex,Cerebrum,Thalamus,Brainstem,SpinalCord,Subependymal	GPL1261	FACS	Zamanian et al 2012	22553043	TRUE	TRUE	TRUE	TRUE	
GSM866329	3	GSE35338	GSM866327,GSM866328,GSM866329,GSM866330	Glia	Astrocyte	Astrocyte	Astrocyte	Astrocyte	Astrocyte	Astrocyte	33	Cortex,Cerebrum,Thalamus,Brainstem,SpinalCord,Subependymal	GPL1261	FACS	Zamanian et al 2012	22553043	TRUE	TRUE	TRUE	TRUE	
GSM866330	3	GSE35338	GSM866327,GSM866328,GSM866329,GSM866330	Glia	Astrocyte	Astrocyte	Astrocyte	Astrocyte	Astrocyte	Astrocyte	33	Cortex,Cerebrum,Thalamus,Brainstem,SpinalCord,Subependymal	GPL1261	FACS	Zamanian et al 2012	22553043	TRUE	TRUE	TRUE	TRUE	
GSM337861	4	GSE13379	GSM337861,GSM337862,GSM337863	Glia	Bergmann	Bergmann	Bergmann	Bergmann	Bergmann	Bergman Glia	Adult	Cerebellum	GPL1261	TRAP	Doyle et al., 2008	19013282	TRUE	TRUE	TRUE	TRUE	
GSM337862	4	GSE13379	GSM337861,GSM337862,GSM337863	Glia	Bergmann	Bergmann	Bergmann	Bergmann	Bergmann	Bergman Glia	Adult	Cerebellum	GPL1261	TRAP	Doyle et al., 2008	19013282	TRUE	TRUE	TRUE	TRUE	
GSM337863	4	GSE13379	GSM337861,GSM337862,GSM337863	Glia	Bergmann	Bergmann	Bergmann	Bergmann	Bergmann	Bergman Glia	Adult	Cerebellum	GPL1261	TRAP	Doyle et al., 2008	19013282	TRUE	TRUE	TRUE	TRUE	
GSM465752	5	GSE18765	GSM465752,GSM465753	Glia	Ependymal	Ependymal	Ependymal	Ependymal	Ependymal	CD24+ (ependymal cell)	56	Subependymal	GPL1261	FACS	Beckervordersandforth et al 2010	21112568	TRUE	TRUE	TRUE	TRUE	
GSM465753	5	GSE18765	GSM465752,GSM465753	Glia	Ependymal	Ependymal	Ependymal	Ependymal	Ependymal	CD24+ (ependymal cell)	56	Subependymal	GPL1261	FACS	Beckervordersandforth et al 2010	21112568	TRUE	TRUE	TRUE	TRUE	
GSM741193	6	GSE29949	GSM741193,GSM741194,GSM741192	Glia	Microglia	Microglia	Microglia	Microglia	Microglia	Microglia	42	All,Cortex	GPL1261	FACS	Anandasabapathy et al., 2011	21788405	TRUE	TRUE	TRUE	TRUE	
GSM741194	6	GSE29949	GSM741193,GSM741194,GSM741192	Glia	Microglia	Microglia	Microglia	Microglia	Microglia	Microglia	42	All,Cortex	GPL1261	FACS	Anandasabapathy et al., 2011	21788405	TRUE	TRUE	TRUE	TRUE	
GSM741192	6	GSE29949	GSM741193,GSM741194,GSM741192	Glia	Microglia	Microglia	Microglia	Microglia	Microglia	Microglia	42	All,Cortex	GPL1261	FACS	Anandasabapathy et al., 2011	21788405	TRUE	TRUE	TRUE	TRUE	
GSM1176624	7	GSE48369	GSM1176624,GSM1176625,GSM1176626,GSM1176627,GSM1176628,GSM1176629	Glia	Oligodendrocyte	Oligodendrocyte	Oligo	Oligo	Oligo	Oligodendrocytes	66	Cerebellum	GPL1261	TRAP	Bellesi et al 2013	24005282	TRUE	TRUE	TRUE	TRUE	
GSM1176625	7	GSE48369	GSM1176624,GSM1176625,GSM1176626,GSM1176627,GSM1176628,GSM1176629	Glia	Oligodendrocyte	Oligodendrocyte	Oligo	Oligo	Oligo	Oligodendrocytes	66	Cerebellum	GPL1261	TRAP	Bellesi et al 2013	24005282	TRUE	TRUE	TRUE	TRUE	
GSM1176626	7	GSE48369	GSM1176624,GSM1176625,GSM1176626,GSM1176627,GSM1176628,GSM1176629	Glia	Oligodendrocyte	Oligodendrocyte	Oligo	Oligo	Oligo	Oligodendrocytes	66	Cerebellum	GPL1261	TRAP	Bellesi et al 2013	24005282	TRUE	TRUE	TRUE	TRUE	
GSM1176627	7	GSE48369	GSM1176624,GSM1176625,GSM1176626,GSM1176627,GSM1176628,GSM1176629	Glia	Oligodendrocyte	Oligodendrocyte	Oligo	Oligo	Oligo	Oligodendrocytes	66	Cerebellum	GPL1261	TRAP	Bellesi et al 2013	24005282	TRUE	TRUE	TRUE	TRUE	
GSM1176628	7	GSE48369	GSM1176624,GSM1176625,GSM1176626,GSM1176627,GSM1176628,GSM1176629	Glia	Oligodendrocyte	Oligodendrocyte	Oligo	Oligo	Oligo	Oligodendrocytes	66	Cerebellum	GPL1261	TRAP	Bellesi et al 2013	24005282	TRUE	TRUE	TRUE	TRUE	
GSM1176629	7	GSE48369	GSM1176624,GSM1176625,GSM1176626,GSM1176627,GSM1176628,GSM1176629	Glia	Oligodendrocyte	Oligodendrocyte	Oligo	Oligo	Oligo	Oligodendrocytes	66	Cerebellum	GPL1261	TRAP	Bellesi et al 2013	24005282	TRUE	TRUE	TRUE	TRUE	
GSM241890	8	GSE9566	GSM241890,GSM241893,GSM241894,GSM241918	Glia	Oligodendrocyte	Oligodendrocyte	Oligo	Oligo	Oligo	Mature Oligodendrocytes	17	Cortex,All	GPL1261	PAN	Cahoy et al., 2008	18171944	TRUE	TRUE	TRUE	TRUE	
GSM241893	8	GSE9566	GSM241890,GSM241893,GSM241894,GSM241918	Glia	Oligodendrocyte	Oligodendrocyte	Oligo	Oligo	Oligo	Mature Oligodendrocytes	17	Cortex,All	GPL1261	PAN	Cahoy et al., 2008	18171944	TRUE	TRUE	TRUE	TRUE	
GSM241894	8	GSE9566	GSM241890,GSM241893,GSM241894,GSM241918	Glia	Oligodendrocyte	Oligodendrocyte	Oligo	Oligo	Oligo	Mature Oligodendrocytes	17	Cortex,All	GPL1261	PAN	Cahoy et al., 2008	18171944	TRUE	TRUE	TRUE	TRUE	
GSM241918	8	GSE9566	GSM241890,GSM241893,GSM241894,GSM241918	Glia	Oligodendrocyte	Oligodendrocyte	Oligo	Oligo	Oligo	Mature Oligodendrocytes	17	Cortex,All	GPL1261	PAN	Cahoy et al., 2008	18171944	TRUE	TRUE	TRUE	TRUE	
GSM337841	9	GSE13379	GSM337841,GSM337842,GSM337843	Glia	Oligodendrocyte	Oligodendrocyte	Oligo	Oligo	Oligo	Mixed Oligodendrocytes	Adult	Cerebellum	GPL1261	TRAP	Doyle et al., 2008	19013282	TRUE	TRUE	TRUE	TRUE	
GSM337842	9	GSE13379	GSM337841,GSM337842,GSM337843	Glia	Oligodendrocyte	Oligodendrocyte	Oligo	Oligo	Oligo	Mixed Oligodendrocytes	Adult	Cerebellum	GPL1261	TRAP	Doyle et al., 2008	19013282	TRUE	TRUE	TRUE	TRUE	
GSM337843	9	GSE13379	GSM337841,GSM337842,GSM337843	Glia	Oligodendrocyte	Oligodendrocyte	Oligo	Oligo	Oligo	Mixed Oligodendrocytes	Adult	Cerebellum	GPL1261	TRAP	Doyle et al., 2008	19013282	TRUE	TRUE	TRUE	TRUE	
GSM337844	10	GSE13379	GSM337844,GSM337845,GSM337846	Glia	Oligodendrocyte	Oligodendrocyte	Oligo	Oligo	Oligo	Mixed Oligodendrocytes	Adult	Cortex,All	GPL1261	TRAP	Doyle et al., 2008	19013282	TRUE	TRUE	TRUE	TRUE	same as GSM1698237,GSM1698238,GSM1698239
GSM337845	10	GSE13379	GSM337844,GSM337845,GSM337846	Glia	Oligodendrocyte	Oligodendrocyte	Oligo	Oligo	Oligo	Mixed Oligodendrocytes	Adult	Cortex,All	GPL1261	TRAP	Doyle et al., 2008	19013282	TRUE	TRUE	TRUE	TRUE	same as GSM1698237,GSM1698238,GSM1698239
GSM337846	10	GSE13379	GSM337844,GSM337845,GSM337846	Glia	Oligodendrocyte	Oligodendrocyte	Oligo	Oligo	Oligo	Mixed Oligodendrocytes	Adult	Cortex,All	GPL1261	TRAP	Doyle et al., 2008	19013282	TRUE	TRUE	TRUE	TRUE	same as GSM1698237,GSM1698238,GSM1698239
GSM337796	11	GSE13379	GSM337796,GSM337797,GSM337798	Glia	Oligodendrocyte	Oligodendrocyte	Oligo	Oligo	Oligo	Mature Oligodendrocytes	Adult	Cerebellum	GPL1261	TRAP	Doyle et al., 2008	19013282	TRUE	TRUE	TRUE	TRUE	
GSM337797	11	GSE13379	GSM337796,GSM337797,GSM337798	Glia	Oligodendrocyte	Oligodendrocyte	Oligo	Oligo	Oligo	Mature Oligodendrocytes	Adult	Cerebellum	GPL1261	TRAP	Doyle et al., 2008	19013282	TRUE	TRUE	TRUE	TRUE	
GSM337798	11	GSE13379	GSM337796,GSM337797,GSM337798	Glia	Oligodendrocyte	Oligodendrocyte	Oligo	Oligo	Oligo	Mature Oligodendrocytes	Adult	Cerebellum	GPL1261	TRAP	Doyle et al., 2008	19013282	TRUE	TRUE	TRUE	TRUE	
GSM337800	12	GSE13379	GSM337800,GSM337801,GSM337802	Glia	Oligodendrocyte	Oligodendrocyte	Oligo	Oligo	Oligo	Mature Oligodendrocytes	Adult	Cortex,All	GPL1261	TRAP	Doyle et al., 2008	19013282	TRUE	TRUE	TRUE	TRUE	
GSM337801	12	GSE13379	GSM337800,GSM337801,GSM337802	Glia	Oligodendrocyte	Oligodendrocyte	Oligo	Oligo	Oligo	Mature Oligodendrocytes	Adult	Cortex,All	GPL1261	TRAP	Doyle et al., 2008	19013282	TRUE	TRUE	TRUE	TRUE	
GSM337802	12	GSE13379	GSM337800,GSM337801,GSM337802	Glia	Oligodendrocyte	Oligodendrocyte	Oligo	Oligo	Oligo	Mature Oligodendrocytes	Adult	Cortex,All	GPL1261	TRAP	Doyle et al., 2008	19013282	TRUE	TRUE	TRUE	TRUE	
GSM742912	13	GSE30016	GSM742912,GSM742913,GSM742914	Glia	Oligodendrocyte	Oligodendrocyte	Oligo	Oligo	Oligo	Olig2 positive cells	90	Cortex,All	GPL1261	TRAP	Fomchenko et al 2011	21754979	TRUE	TRUE	TRUE	TRUE	
GSM742913	13	GSE30016	GSM742912,GSM742913,GSM742914	Glia	Oligodendrocyte	Oligodendrocyte	Oligo	Oligo	Oligo	Olig2 positive cells	90	Cortex,All	GPL1261	TRAP	Fomchenko et al 2011	21754979	TRUE	TRUE	TRUE	TRUE	
GSM742914	13	GSE30016	GSM742912,GSM742913,GSM742914	Glia	Oligodendrocyte	Oligodendrocyte	Oligo	Oligo	Oligo	Olig2 positive cells	90	Cortex,All	GPL1261	TRAP	Fomchenko et al 2011	21754979	TRUE	TRUE	TRUE	TRUE	
GSM337773	14	GSE13379	GSM337773,GSM337774,GSM337775	Neuron	Cholinergic	Midbrain Cholinergic	BrainstemCholin	BrainstemCholin	MidbrainCholinergic	Motor Neurons, Midbrain Cholinergic Neurons	Adult	Brainstem,Midbrain	GPL1261	TRAP	Doyle et al., 2008	19013282	FALSE	TRUE	TRUE	TRUE	We removed it's midbrain status since original paper included no evidence of midbrain specificity.
GSM337774	14	GSE13379	GSM337773,GSM337774,GSM337775	Neuron	Cholinergic	Midbrain Cholinergic	BrainstemCholin	BrainstemCholin	MidbrainCholinergic	Motor Neurons, Midbrain Cholinergic Neurons	Adult	Brainstem,Midbrain	GPL1261	TRAP	Doyle et al., 2008	19013282	FALSE	TRUE	TRUE	TRUE	We removed it's midbrain status since original paper included no evidence of midbrain specificity.
GSM337775	14	GSE13379	GSM337773,GSM337774,GSM337775	Neuron	Cholinergic	Midbrain Cholinergic	BrainstemCholin	BrainstemCholin	MidbrainCholinergic	Motor Neurons, Midbrain Cholinergic Neurons	Adult	Brainstem,Midbrain	GPL1261	TRAP	Doyle et al., 2008	19013282	FALSE	TRUE	TRUE	TRUE	We removed it's midbrain status since original paper included no evidence of midbrain specificity.
GSM337779	15	GSE13379	GSM337779,GSM337780,GSM337781	Neuron	Cholinergic	Forebrain Cholinergic	ForebrainCholin	ForebrainCholin	Cholin	Cholinergic Projection Neurons	Adult	BasalForebrain	GPL1261	TRAP	Doyle et al., 2008	19013282	TRUE	TRUE	TRUE	TRUE	
GSM337780	15	GSE13379	GSM337779,GSM337780,GSM337781	Neuron	Cholinergic	Forebrain Cholinergic	ForebrainCholin	ForebrainCholin	Cholin	Cholinergic Projection Neurons	Adult	BasalForebrain	GPL1261	TRAP	Doyle et al., 2008	19013282	TRUE	TRUE	TRUE	TRUE	
GSM337781	15	GSE13379	GSM337779,GSM337780,GSM337781	Neuron	Cholinergic	Forebrain Cholinergic	ForebrainCholin	ForebrainCholin	Cholin	Cholinergic Projection Neurons	Adult	BasalForebrain	GPL1261	TRAP	Doyle et al., 2008	19013282	TRUE	TRUE	TRUE	TRUE	
GSM337791	16	GSE13379	GSM337791,GSM337792,GSM337793	Neuron	Cholinergic	Forebrain Cholinergic	ForebrainCholin	ForebrainCholin	Cholin	Cholinergic Neurons	Adult	Striatum	GPL1261	TRAP	Doyle et al., 2008	19013282	TRUE	TRUE	TRUE	TRUE	
GSM337792	16	GSE13379	GSM337791,GSM337792,GSM337793	Neuron	Cholinergic	Forebrain Cholinergic	ForebrainCholin	ForebrainCholin	Cholin	Cholinergic Neurons	Adult	Striatum	GPL1261	TRAP	Doyle et al., 2008	19013282	TRUE	TRUE	TRUE	TRUE	
GSM337793	16	GSE13379	GSM337791,GSM337792,GSM337793	Neuron	Cholinergic	Forebrain Cholinergic	ForebrainCholin	ForebrainCholin	Cholin	Cholinergic Neurons	Adult	Striatum	GPL1261	TRAP	Doyle et al., 2008	19013282	TRUE	TRUE	TRUE	TRUE	
GSM337785	17	GSE13379	GSM337785,GSM337786,GSM337787	Neuron	Cholinergic	SpinalCordCholinergic	SpinalCordCholinergic	SpinalCordCholinergic	SpinalCordCholinergic	Motor Neurons, Cholinergic Interneurons	Adult	SpinalCord	GPL1261	TRAP	Doyle et al., 2008	19013282	TRUE	TRUE	TRUE	TRUE	
GSM337786	17	GSE13379	GSM337785,GSM337786,GSM337787	Neuron	Cholinergic	SpinalCordCholinergic	SpinalCordCholinergic	SpinalCordCholinergic	SpinalCordCholinergic	Motor Neurons, Cholinergic Interneurons	Adult	SpinalCord	GPL1261	TRAP	Doyle et al., 2008	19013282	TRUE	TRUE	TRUE	TRUE	
GSM337787	17	GSE13379	GSM337785,GSM337786,GSM337787	Neuron	Cholinergic	SpinalCordCholinergic	SpinalCordCholinergic	SpinalCordCholinergic	SpinalCordCholinergic	Motor Neurons, Cholinergic Interneurons	Adult	SpinalCord	GPL1261	TRAP	Doyle et al., 2008	19013282	TRUE	TRUE	TRUE	TRUE	
GSM1057734	18	GSE43164	GSM1057734,GSM1057735,GSM1057736	Neuron	Cholinergic	Thalamus Cholinergic	ThalamusCholin	ThalamusCholin	Cholin	Cholin	63	Thalamus	GPL1261	TRAP	G??rlich et al 2013	24082085	TRUE	TRUE	TRUE	TRUE	
GSM1057735	18	GSE43164	GSM1057734,GSM1057735,GSM1057736	Neuron	Cholinergic	Thalamus Cholinergic	ThalamusCholin	ThalamusCholin	Cholin	Cholin	63	Thalamus	GPL1261	TRAP	G??rlich et al 2013	24082085	TRUE	TRUE	TRUE	TRUE	
GSM1057736	18	GSE43164	GSM1057734,GSM1057735,GSM1057736	Neuron	Cholinergic	Thalamus Cholinergic	ThalamusCholin	ThalamusCholin	Cholin	Cholin	63	Thalamus	GPL1261	TRAP	G??rlich et al 2013	24082085	TRUE	TRUE	TRUE	TRUE	
GSM337831	19	GSE13379	GSM337831,GSM337832,GSM337833	Neuron	Gabaergic	Basket	Basket	Basket	Basket	Stellate Basket Cells	Adult	Cerebellum	GPL1261	TRAP	Doyle et al., 2008	19013282	TRUE	TRUE	TRUE	TRUE	
GSM337832	19	GSE13379	GSM337831,GSM337832,GSM337833	Neuron	Gabaergic	Basket	Basket	Basket	Basket	Stellate Basket Cells	Adult	Cerebellum	GPL1261	TRAP	Doyle et al., 2008	19013282	TRUE	TRUE	TRUE	TRUE	
GSM337833	19	GSE13379	GSM337831,GSM337832,GSM337833	Neuron	Gabaergic	Basket	Basket	Basket	Basket	Stellate Basket Cells	Adult	Cerebellum	GPL1261	TRAP	Doyle et al., 2008	19013282	TRUE	TRUE	TRUE	TRUE	
GSM909438	20	GSE37055	GSM909438,GSM909439,GSM909440,GSM909441	Neuron	Gabaergic	Basket	Basket	Basket	Basket	Stellate Basket Cells	14	Cerebellum	GPL1261	Manual	Paul et al 2012	22754500	TRUE	TRUE	TRUE	TRUE	
GSM909439	20	GSE37055	GSM909438,GSM909439,GSM909440,GSM909441	Neuron	Gabaergic	Basket	Basket	Basket	Basket	Stellate Basket Cells	14	Cerebellum	GPL1261	Manual	Paul et al 2012	22754500	TRUE	TRUE	TRUE	TRUE	
GSM909440	20	GSE37055	GSM909438,GSM909439,GSM909440,GSM909441	Neuron	Gabaergic	Basket	Basket	Basket	Basket	Stellate Basket Cells	14	Cerebellum	GPL1261	Manual	Paul et al 2012	22754500	TRUE	TRUE	TRUE	TRUE	
GSM909441	20	GSE37055	GSM909438,GSM909439,GSM909440,GSM909441	Neuron	Gabaergic	Basket	Basket	Basket	Basket	Stellate Basket Cells	14	Cerebellum	GPL1261	Manual	Paul et al 2012	22754500	TRUE	TRUE	TRUE	TRUE	
GSM909442	21	GSE37055	GSM909442,GSM909443,GSM909444	Neuron	Gabaergic	Basket	Basket	Basket	Basket	Stellate Basket Cells	21	Cerebellum	GPL1261	Manual	Paul et al 2012	22754500	TRUE	TRUE	TRUE	TRUE	
GSM909443	21	GSE37055	GSM909442,GSM909443,GSM909444	Neuron	Gabaergic	Basket	Basket	Basket	Basket	Stellate Basket Cells	21	Cerebellum	GPL1261	Manual	Paul et al 2012	22754500	TRUE	TRUE	TRUE	TRUE	
GSM909444	21	GSE37055	GSM909442,GSM909443,GSM909444	Neuron	Gabaergic	Basket	Basket	Basket	Basket	Stellate Basket Cells	21	Cerebellum	GPL1261	Manual	Paul et al 2012	22754500	TRUE	TRUE	TRUE	TRUE	
GSM909445	22	GSE37055	GSM909445,GSM909446,GSM909447,GSM909448	Neuron	Gabaergic	Basket	Basket	Basket	Basket	Stellate Basket Cells	28	Cerebellum	GPL1261	Manual	Paul et al 2012	22754500	TRUE	TRUE	TRUE	TRUE	
GSM909446	22	GSE37055	GSM909445,GSM909446,GSM909447,GSM909448	Neuron	Gabaergic	Basket	Basket	Basket	Basket	Stellate Basket Cells	28	Cerebellum	GPL1261	Manual	Paul et al 2012	22754500	TRUE	TRUE	TRUE	TRUE	
GSM909447	22	GSE37055	GSM909445,GSM909446,GSM909447,GSM909448	Neuron	Gabaergic	Basket	Basket	Basket	Basket	Stellate Basket Cells	28	Cerebellum	GPL1261	Manual	Paul et al 2012	22754500	TRUE	TRUE	TRUE	TRUE	
GSM909448	22	GSE37055	GSM909445,GSM909446,GSM909447,GSM909448	Neuron	Gabaergic	Basket	Basket	Basket	Basket	Stellate Basket Cells	28	Cerebellum	GPL1261	Manual	Paul et al 2012	22754500	TRUE	TRUE	TRUE	TRUE	
GSM909449	23	GSE37055	GSM909449,GSM909450	Neuron	Gabaergic	Basket	Basket	Basket	Basket	Stellate Basket Cells	35	Cerebellum	GPL1261	Manual	Paul et al 2012	22754500	TRUE	TRUE	TRUE	TRUE	GSM909451 is contaminated with purkinje cells based on marker gene expression
GSM909450	23	GSE37055	GSM909449,GSM909450	Neuron	Gabaergic	Basket	Basket	Basket	Basket	Stellate Basket Cells	35	Cerebellum	GPL1261	Manual	Paul et al 2012	22754500	TRUE	TRUE	TRUE	TRUE	GSM909451 is contaminated with purkinje cells based on marker gene expression
GSM444355	24	GSE17806	GSM444355,GSM444356,GSM444357	Neuron	Gabaergic	FS Basket (G42)	GabaPV	GabaPV	Gabaergic	GABAergic Interneurons, PV+, P13-P15	15	Cortex	GPL1261	Manual	Okaty et al., 2009	19474331	TRUE	TRUE	TRUE	TRUE	
GSM444356	24	GSE17806	GSM444355,GSM444356,GSM444357	Neuron	Gabaergic	FS Basket (G42)	GabaPV	GabaPV	Gabaergic	GABAergic Interneurons, PV+, P13-P15	15	Cortex	GPL1261	Manual	Okaty et al., 2009	19474331	TRUE	TRUE	TRUE	TRUE	
GSM444357	24	GSE17806	GSM444355,GSM444356,GSM444357	Neuron	Gabaergic	FS Basket (G42)	GabaPV	GabaPV	Gabaergic	GABAergic Interneurons, PV+, P13-P15	15	Cortex	GPL1261	Manual	Okaty et al., 2009	19474331	TRUE	TRUE	TRUE	TRUE	
GSM444358	25	GSE17806	GSM444358,GSM444359,GSM444360	Neuron	Gabaergic	FS Basket (G42)	GabaPV	GabaPV	Gabaergic	GABAergic Interneurons, PV+, P25	25	Cortex	GPL1261	Manual	Okaty et al., 2009	19474331	TRUE	TRUE	TRUE	TRUE	
GSM444359	25	GSE17806	GSM444358,GSM444359,GSM444360	Neuron	Gabaergic	FS Basket (G42)	GabaPV	GabaPV	Gabaergic	GABAergic Interneurons, PV+, P25	25	Cortex	GPL1261	Manual	Okaty et al., 2009	19474331	TRUE	TRUE	TRUE	TRUE	
GSM444360	25	GSE17806	GSM444358,GSM444359,GSM444360	Neuron	Gabaergic	FS Basket (G42)	GabaPV	GabaPV	Gabaergic	GABAergic Interneurons, PV+, P25	25	Cortex	GPL1261	Manual	Okaty et al., 2009	19474331	TRUE	TRUE	TRUE	TRUE	
GSM215857	26	GSE8720	GSM215857,GSM215858,GSM215859,GSM215860	Neuron	Gabaergic	FS Basket (G42)	GabaPV	GabaPV	Gabaergic	GabaPV from G42 line	38	Cortex	GPL1261	Manual	Sugino et al. 2014	25232122	TRUE	TRUE	TRUE	TRUE	Same as Okaty 2009. GSM444361, GSM444362, GSM444363
GSM215858	26	GSE8720	GSM215857,GSM215858,GSM215859,GSM215860	Neuron	Gabaergic	FS Basket (G42)	GabaPV	GabaPV	Gabaergic	GabaPV from G42 line	38	Cortex	GPL1261	Manual	Sugino et al. 2014	25232122	TRUE	TRUE	TRUE	TRUE	Same as Okaty 2009. GSM444361, GSM444362, GSM444363
GSM215859	26	GSE8720	GSM215857,GSM215858,GSM215859,GSM215860	Neuron	Gabaergic	FS Basket (G42)	GabaPV	GabaPV	Gabaergic	GabaPV from G42 line	38	Cortex	GPL1261	Manual	Sugino et al. 2014	25232122	TRUE	TRUE	TRUE	TRUE	Same as Okaty 2009. GSM444361, GSM444362, GSM444363
GSM215860	26	GSE8720	GSM215857,GSM215858,GSM215859,GSM215860	Neuron	Gabaergic	FS Basket (G42)	GabaPV	GabaPV	Gabaergic	GabaPV from G42 line	38	Cortex	GPL1261	Manual	Sugino et al. 2014	25232122	TRUE	TRUE	TRUE	TRUE	Same as Okaty 2009. GSM444361, GSM444362, GSM444363
GSM337825	27	GSE13379	GSM337825,GSM337826,GSM337827	Neuron	Gabaergic	Golgi	Golgi	Golgi	Golgi	Golgi Cells	Adult	Cerebellum	GPL1261	TRAP	Doyle et al., 2008	19013282	TRUE	TRUE	TRUE	TRUE	
GSM337826	27	GSE13379	GSM337825,GSM337826,GSM337827	Neuron	Gabaergic	Golgi	Golgi	Golgi	Golgi	Golgi Cells	Adult	Cerebellum	GPL1261	TRAP	Doyle et al., 2008	19013282	TRUE	TRUE	TRUE	TRUE	
GSM337827	27	GSE13379	GSM337825,GSM337826,GSM337827	Neuron	Gabaergic	Golgi	Golgi	Golgi	Golgi	Golgi Cells	Adult	Cerebellum	GPL1261	TRAP	Doyle et al., 2008	19013282	TRUE	TRUE	TRUE	TRUE	
GSM337848	28	GSE13379	GSM337848,GSM337849,GSM337850,GSM337851,GSM337852,GSM337853	Neuron	Gabaergic	Purkinje	Purkinje	Purkinje	Purkinje	Purkinje Cells	Adult	Cerebellum	GPL1261	TRAP	Doyle et al., 2008	19013282	TRUE	TRUE	TRUE	TRUE	
GSM337849	28	GSE13379	GSM337848,GSM337849,GSM337850,GSM337851,GSM337852,GSM337853	Neuron	Gabaergic	Purkinje	Purkinje	Purkinje	Purkinje	Purkinje Cells	Adult	Cerebellum	GPL1261	TRAP	Doyle et al., 2008	19013282	TRUE	TRUE	TRUE	TRUE	
GSM337850	28	GSE13379	GSM337848,GSM337849,GSM337850,GSM337851,GSM337852,GSM337853	Neuron	Gabaergic	Purkinje	Purkinje	Purkinje	Purkinje	Purkinje Cells	Adult	Cerebellum	GPL1261	TRAP	Doyle et al., 2008	19013282	TRUE	TRUE	TRUE	TRUE	
GSM337851	28	GSE13379	GSM337848,GSM337849,GSM337850,GSM337851,GSM337852,GSM337853	Neuron	Gabaergic	Purkinje	Purkinje	Purkinje	Purkinje	Purkinje Cells	Adult	Cerebellum	GPL1261	TRAP	Doyle et al., 2008	19013282	TRUE	TRUE	TRUE	TRUE	
GSM337852	28	GSE13379	GSM337848,GSM337849,GSM337850,GSM337851,GSM337852,GSM337853	Neuron	Gabaergic	Purkinje	Purkinje	Purkinje	Purkinje	Purkinje Cells	Adult	Cerebellum	GPL1261	TRAP	Doyle et al., 2008	19013282	TRUE	TRUE	TRUE	TRUE	
GSM337853	28	GSE13379	GSM337848,GSM337849,GSM337850,GSM337851,GSM337852,GSM337853	Neuron	Gabaergic	Purkinje	Purkinje	Purkinje	Purkinje	Purkinje Cells	Adult	Cerebellum	GPL1261	TRAP	Doyle et al., 2008	19013282	TRUE	TRUE	TRUE	TRUE	
GSM1373399	29	GSE57034	GSM1373399,GSM1373400,GSM1373401	Neuron	Gabaergic	Purkinje	Purkinje	Purkinje	Purkinje	Purkinje Cells	84	Cerebellum	GPL1261	TRAP	Galloway et al 2014	24986919	TRUE	TRUE	TRUE	TRUE	
GSM1373400	29	GSE57034	GSM1373399,GSM1373400,GSM1373401	Neuron	Gabaergic	Purkinje	Purkinje	Purkinje	Purkinje	Purkinje Cells	84	Cerebellum	GPL1261	TRAP	Galloway et al 2014	24986919	TRUE	TRUE	TRUE	TRUE	
GSM1373401	29	GSE57034	GSM1373399,GSM1373400,GSM1373401	Neuron	Gabaergic	Purkinje	Purkinje	Purkinje	Purkinje	Purkinje Cells	84	Cerebellum	GPL1261	TRAP	Galloway et al 2014	24986919	TRUE	TRUE	TRUE	TRUE	
GSM1373408	30	GSE57034	GSM1373408,GSM1373409,GSM1373410	Neuron	Gabaergic	Purkinje	Purkinje	Purkinje	Purkinje	Purkinje Cells	28	Cerebellum	GPL1261	TRAP	Galloway et al 2014	24986919	TRUE	TRUE	TRUE	TRUE	
GSM1373409	30	GSE57034	GSM1373408,GSM1373409,GSM1373410	Neuron	Gabaergic	Purkinje	Purkinje	Purkinje	Purkinje	Purkinje Cells	28	Cerebellum	GPL1261	TRAP	Galloway et al 2014	24986919	TRUE	TRUE	TRUE	TRUE	
GSM1373410	30	GSE57034	GSM1373408,GSM1373409,GSM1373410	Neuron	Gabaergic	Purkinje	Purkinje	Purkinje	Purkinje	Purkinje Cells	28	Cerebellum	GPL1261	TRAP	Galloway et al 2014	24986919	TRUE	TRUE	TRUE	TRUE	
GSM1373414	31	GSE57034	GSM1373414,GSM1373415,GSM1373416	Neuron	Gabaergic	Purkinje	Purkinje	Purkinje	Purkinje	Purkinje Cells	56	Cerebellum	GPL1261	TRAP	Galloway et al 2014	24986919	TRUE	TRUE	TRUE	TRUE	
GSM1373415	31	GSE57034	GSM1373414,GSM1373415,GSM1373416	Neuron	Gabaergic	Purkinje	Purkinje	Purkinje	Purkinje	Purkinje Cells	56	Cerebellum	GPL1261	TRAP	Galloway et al 2014	24986919	TRUE	TRUE	TRUE	TRUE	
GSM1373416	31	GSE57034	GSM1373414,GSM1373415,GSM1373416	Neuron	Gabaergic	Purkinje	Purkinje	Purkinje	Purkinje	Purkinje Cells	56	Cerebellum	GPL1261	TRAP	Galloway et al 2014	24986919	TRUE	TRUE	TRUE	TRUE	
GSM909419	32	GSE37055	GSM909419,GSM909420,GSM909421	Neuron	Gabaergic	Purkinje	Purkinje	Purkinje	Purkinje	Purkinje Cells	14	Cerebellum	GPL1261	Manual	Paul et al 2012	22754500	TRUE	TRUE	TRUE	TRUE	
GSM909420	32	GSE37055	GSM909419,GSM909420,GSM909421	Neuron	Gabaergic	Purkinje	Purkinje	Purkinje	Purkinje	Purkinje Cells	14	Cerebellum	GPL1261	Manual	Paul et al 2012	22754500	TRUE	TRUE	TRUE	TRUE	
GSM909421	32	GSE37055	GSM909419,GSM909420,GSM909421	Neuron	Gabaergic	Purkinje	Purkinje	Purkinje	Purkinje	Purkinje Cells	14	Cerebellum	GPL1261	Manual	Paul et al 2012	22754500	TRUE	TRUE	TRUE	TRUE	
GSM909422	33	GSE37055	GSM909422,GSM909423,GSM909424,GSM909425	Neuron	Gabaergic	Purkinje	Purkinje	Purkinje	Purkinje	Purkinje Cells	21	Cerebellum	GPL1261	Manual	Paul et al 2012	22754500	TRUE	TRUE	TRUE	TRUE	
GSM909423	33	GSE37055	GSM909422,GSM909423,GSM909424,GSM909425	Neuron	Gabaergic	Purkinje	Purkinje	Purkinje	Purkinje	Purkinje Cells	21	Cerebellum	GPL1261	Manual	Paul et al 2012	22754500	TRUE	TRUE	TRUE	TRUE	
GSM909424	33	GSE37055	GSM909422,GSM909423,GSM909424,GSM909425	Neuron	Gabaergic	Purkinje	Purkinje	Purkinje	Purkinje	Purkinje Cells	21	Cerebellum	GPL1261	Manual	Paul et al 2012	22754500	TRUE	TRUE	TRUE	TRUE	
GSM909425	33	GSE37055	GSM909422,GSM909423,GSM909424,GSM909425	Neuron	Gabaergic	Purkinje	Purkinje	Purkinje	Purkinje	Purkinje Cells	21	Cerebellum	GPL1261	Manual	Paul et al 2012	22754500	TRUE	TRUE	TRUE	TRUE	
GSM909426	34	GSE37055	GSM909426,GSM909427,GSM909428,GSM909429	Neuron	Gabaergic	Purkinje	Purkinje	Purkinje	Purkinje	Purkinje Cells	28	Cerebellum	GPL1261	Manual	Paul et al 2012	22754500	TRUE	TRUE	TRUE	TRUE	
GSM909427	34	GSE37055	GSM909426,GSM909427,GSM909428,GSM909429	Neuron	Gabaergic	Purkinje	Purkinje	Purkinje	Purkinje	Purkinje Cells	28	Cerebellum	GPL1261	Manual	Paul et al 2012	22754500	TRUE	TRUE	TRUE	TRUE	
GSM909428	34	GSE37055	GSM909426,GSM909427,GSM909428,GSM909429	Neuron	Gabaergic	Purkinje	Purkinje	Purkinje	Purkinje	Purkinje Cells	28	Cerebellum	GPL1261	Manual	Paul et al 2012	22754500	TRUE	TRUE	TRUE	TRUE	
GSM909429	34	GSE37055	GSM909426,GSM909427,GSM909428,GSM909429	Neuron	Gabaergic	Purkinje	Purkinje	Purkinje	Purkinje	Purkinje Cells	28	Cerebellum	GPL1261	Manual	Paul et al 2012	22754500	TRUE	TRUE	TRUE	TRUE	
GSM909430	35	GSE37055	GSM909430,GSM909431,GSM909432,GSM909433	Neuron	Gabaergic	Purkinje	Purkinje	Purkinje	Purkinje	Purkinje Cells	35	Cerebellum	GPL1261	Manual	Paul et al 2012	22754500	TRUE	TRUE	TRUE	TRUE	
GSM909431	35	GSE37055	GSM909430,GSM909431,GSM909432,GSM909433	Neuron	Gabaergic	Purkinje	Purkinje	Purkinje	Purkinje	Purkinje Cells	35	Cerebellum	GPL1261	Manual	Paul et al 2012	22754500	TRUE	TRUE	TRUE	TRUE	
GSM909432	35	GSE37055	GSM909430,GSM909431,GSM909432,GSM909433	Neuron	Gabaergic	Purkinje	Purkinje	Purkinje	Purkinje	Purkinje Cells	35	Cerebellum	GPL1261	Manual	Paul et al 2012	22754500	TRUE	TRUE	TRUE	TRUE	
GSM909433	35	GSE37055	GSM909430,GSM909431,GSM909432,GSM909433	Neuron	Gabaergic	Purkinje	Purkinje	Purkinje	Purkinje	Purkinje Cells	35	Cerebellum	GPL1261	Manual	Paul et al 2012	22754500	TRUE	TRUE	TRUE	TRUE	
GSM909434	36	GSE37055	GSM909434,GSM909435,GSM909436,GSM909437	Neuron	Gabaergic	Purkinje	Purkinje	Purkinje	Purkinje	Purkinje Cells	56	Cerebellum	GPL1261	Manual	Paul et al 2012	22754500	TRUE	TRUE	TRUE	TRUE	
GSM909435	36	GSE37055	GSM909434,GSM909435,GSM909436,GSM909437	Neuron	Gabaergic	Purkinje	Purkinje	Purkinje	Purkinje	Purkinje Cells	56	Cerebellum	GPL1261	Manual	Paul et al 2012	22754500	TRUE	TRUE	TRUE	TRUE	
GSM909436	36	GSE37055	GSM909434,GSM909435,GSM909436,GSM909437	Neuron	Gabaergic	Purkinje	Purkinje	Purkinje	Purkinje	Purkinje Cells	56	Cerebellum	GPL1261	Manual	Paul et al 2012	22754500	TRUE	TRUE	TRUE	TRUE	
GSM909437	36	GSE37055	GSM909434,GSM909435,GSM909436,GSM909437	Neuron	Gabaergic	Purkinje	Purkinje	Purkinje	Purkinje	Purkinje Cells	56	Cerebellum	GPL1261	Manual	Paul et al 2012	22754500	TRUE	TRUE	TRUE	TRUE	
GSM444379	37	GSE8720	GSM444379,GSM444380,GSM444381	Neuron	Gabaergic	Purkinje	Purkinje	Purkinje	Purkinje	Purkinje Cells from G42	38	Cerebellum	GPL1261	Manual	Sugino et al. 2014	25232122	TRUE	TRUE	TRUE	TRUE	
GSM444380	37	GSE8720	GSM444379,GSM444380,GSM444381	Neuron	Gabaergic	Purkinje	Purkinje	Purkinje	Purkinje	Purkinje Cells from G42	38	Cerebellum	GPL1261	Manual	Sugino et al. 2014	25232122	TRUE	TRUE	TRUE	TRUE	
GSM444381	37	GSE8720	GSM444379,GSM444380,GSM444381	Neuron	Gabaergic	Purkinje	Purkinje	Purkinje	Purkinje	Purkinje Cells from G42	38	Cerebellum	GPL1261	Manual	Sugino et al. 2014	25232122	TRUE	TRUE	TRUE	TRUE	
GSM337807	38	GSE13379	GSM337807,GSM337808,GSM337809	Neuron	Gabaergic	Spiny	Spiny	Spiny	Spiny	Drd1+ Medium Spiny Neurons	Adult	Striatum	GPL1261	TRAP	Doyle et al., 2008	19013282	TRUE	TRUE	TRUE	TRUE	
GSM337808	38	GSE13379	GSM337807,GSM337808,GSM337809	Neuron	Gabaergic	Spiny	Spiny	Spiny	Spiny	Drd1+ Medium Spiny Neurons	Adult	Striatum	GPL1261	TRAP	Doyle et al., 2008	19013282	TRUE	TRUE	TRUE	TRUE	
GSM337809	38	GSE13379	GSM337807,GSM337808,GSM337809	Neuron	Gabaergic	Spiny	Spiny	Spiny	Spiny	Drd1+ Medium Spiny Neurons	Adult	Striatum	GPL1261	TRAP	Doyle et al., 2008	19013282	TRUE	TRUE	TRUE	TRUE	
GSM337812	39	GSE13379	GSM337812,GSM337813,GSM337814	Neuron	Gabaergic	Spiny	Spiny	Spiny	Spiny	Drd2+ Medium Spiny Neurons	Adult	Striatum	GPL1261	TRAP	Doyle et al., 2008	19013282	TRUE	TRUE	TRUE	TRUE	
GSM337813	39	GSE13379	GSM337812,GSM337813,GSM337814	Neuron	Gabaergic	Spiny	Spiny	Spiny	Spiny	Drd2+ Medium Spiny Neurons	Adult	Striatum	GPL1261	TRAP	Doyle et al., 2008	19013282	TRUE	TRUE	TRUE	TRUE	
GSM337814	39	GSE13379	GSM337812,GSM337813,GSM337814	Neuron	Gabaergic	Spiny	Spiny	Spiny	Spiny	Drd2+ Medium Spiny Neurons	Adult	Striatum	GPL1261	TRAP	Doyle et al., 2008	19013282	TRUE	TRUE	TRUE	TRUE	
GSM1329477	40	GSE55096	GSM1329477,GSM1329478,GSM1329479,GSM1329485,GSM1329486,GSM1329488,GSM1329489,GSM1329490,GSM1329491,GSM1329492	Neuron	Gabaergic	Spiny	Spiny	Spiny	Spiny	Drd2+ Medium Spiny Neurons	80	Striatum	GPL1261	TRAP	Heiman et al 2014	24599591	TRUE	TRUE	TRUE	TRUE	
GSM1329478	40	GSE55096	GSM1329477,GSM1329478,GSM1329479,GSM1329485,GSM1329486,GSM1329488,GSM1329489,GSM1329490,GSM1329491,GSM1329492	Neuron	Gabaergic	Spiny	Spiny	Spiny	Spiny	Drd2+ Medium Spiny Neurons	80	Striatum	GPL1261	TRAP	Heiman et al 2014	24599591	TRUE	TRUE	TRUE	TRUE	
GSM1329479	40	GSE55096	GSM1329477,GSM1329478,GSM1329479,GSM1329485,GSM1329486,GSM1329488,GSM1329489,GSM1329490,GSM1329491,GSM1329492	Neuron	Gabaergic	Spiny	Spiny	Spiny	Spiny	Drd2+ Medium Spiny Neurons	80	Striatum	GPL1261	TRAP	Heiman et al 2014	24599591	TRUE	TRUE	TRUE	TRUE	
GSM1329485	40	GSE55096	GSM1329477,GSM1329478,GSM1329479,GSM1329485,GSM1329486,GSM1329488,GSM1329489,GSM1329490,GSM1329491,GSM1329492	Neuron	Gabaergic	Spiny	Spiny	Spiny	Spiny	Drd2+ Medium Spiny Neurons	80	Striatum	GPL1261	TRAP	Heiman et al 2014	24599591	TRUE	TRUE	TRUE	TRUE	
GSM1329486	40	GSE55096	GSM1329477,GSM1329478,GSM1329479,GSM1329485,GSM1329486,GSM1329488,GSM1329489,GSM1329490,GSM1329491,GSM1329492	Neuron	Gabaergic	Spiny	Spiny	Spiny	Spiny	Drd2+ Medium Spiny Neurons	80	Striatum	GPL1261	TRAP	Heiman et al 2014	24599591	TRUE	TRUE	TRUE	TRUE	
GSM1329488	40	GSE55096	GSM1329477,GSM1329478,GSM1329479,GSM1329485,GSM1329486,GSM1329488,GSM1329489,GSM1329490,GSM1329491,GSM1329492	Neuron	Gabaergic	Spiny	Spiny	Spiny	Spiny	Drd2+ Medium Spiny Neurons	80	Striatum	GPL1261	TRAP	Heiman et al 2014	24599591	TRUE	TRUE	TRUE	TRUE	
GSM1329489	40	GSE55096	GSM1329477,GSM1329478,GSM1329479,GSM1329485,GSM1329486,GSM1329488,GSM1329489,GSM1329490,GSM1329491,GSM1329492	Neuron	Gabaergic	Spiny	Spiny	Spiny	Spiny	Drd2+ Medium Spiny Neurons	80	Striatum	GPL1261	TRAP	Heiman et al 2014	24599591	TRUE	TRUE	TRUE	TRUE	
GSM1329490	40	GSE55096	GSM1329477,GSM1329478,GSM1329479,GSM1329485,GSM1329486,GSM1329488,GSM1329489,GSM1329490,GSM1329491,GSM1329492	Neuron	Gabaergic	Spiny	Spiny	Spiny	Spiny	Drd2+ Medium Spiny Neurons	80	Striatum	GPL1261	TRAP	Heiman et al 2014	24599591	TRUE	TRUE	TRUE	TRUE	
GSM1329491	40	GSE55096	GSM1329477,GSM1329478,GSM1329479,GSM1329485,GSM1329486,GSM1329488,GSM1329489,GSM1329490,GSM1329491,GSM1329492	Neuron	Gabaergic	Spiny	Spiny	Spiny	Spiny	Drd2+ Medium Spiny Neurons	80	Striatum	GPL1261	TRAP	Heiman et al 2014	24599591	TRUE	TRUE	TRUE	TRUE	
GSM1329492	40	GSE55096	GSM1329477,GSM1329478,GSM1329479,GSM1329485,GSM1329486,GSM1329488,GSM1329489,GSM1329490,GSM1329491,GSM1329492	Neuron	Gabaergic	Spiny	Spiny	Spiny	Spiny	Drd2+ Medium Spiny Neurons	80	Striatum	GPL1261	TRAP	Heiman et al 2014	24599591	TRUE	TRUE	TRUE	TRUE	
GSM1329516	41	GSE55096	GSM1329516,GSM1329517,GSM1329521,GSM1329522,GSM1329523,GSM1329524,GSM1329527,GSM1329528,GSM1329529,GSM1329530	Neuron	Gabaergic	Spiny	Spiny	Spiny	Spiny	Drd1a+ Medium Spiny Neurons	80	Striatum	GPL1261	TRAP	Heiman et al 2014	24599591	TRUE	TRUE	TRUE	TRUE	
GSM1329517	41	GSE55096	GSM1329516,GSM1329517,GSM1329521,GSM1329522,GSM1329523,GSM1329524,GSM1329527,GSM1329528,GSM1329529,GSM1329530	Neuron	Gabaergic	Spiny	Spiny	Spiny	Spiny	Drd1a+ Medium Spiny Neurons	80	Striatum	GPL1261	TRAP	Heiman et al 2014	24599591	TRUE	TRUE	TRUE	TRUE	
GSM1329521	41	GSE55096	GSM1329516,GSM1329517,GSM1329521,GSM1329522,GSM1329523,GSM1329524,GSM1329527,GSM1329528,GSM1329529,GSM1329530	Neuron	Gabaergic	Spiny	Spiny	Spiny	Spiny	Drd1a+ Medium Spiny Neurons	80	Striatum	GPL1261	TRAP	Heiman et al 2014	24599591	TRUE	TRUE	TRUE	TRUE	
GSM1329522	41	GSE55096	GSM1329516,GSM1329517,GSM1329521,GSM1329522,GSM1329523,GSM1329524,GSM1329527,GSM1329528,GSM1329529,GSM1329530	Neuron	Gabaergic	Spiny	Spiny	Spiny	Spiny	Drd1a+ Medium Spiny Neurons	80	Striatum	GPL1261	TRAP	Heiman et al 2014	24599591	TRUE	TRUE	TRUE	TRUE	
GSM1329523	41	GSE55096	GSM1329516,GSM1329517,GSM1329521,GSM1329522,GSM1329523,GSM1329524,GSM1329527,GSM1329528,GSM1329529,GSM1329530	Neuron	Gabaergic	Spiny	Spiny	Spiny	Spiny	Drd1a+ Medium Spiny Neurons	80	Striatum	GPL1261	TRAP	Heiman et al 2014	24599591	TRUE	TRUE	TRUE	TRUE	
GSM1329524	41	GSE55096	GSM1329516,GSM1329517,GSM1329521,GSM1329522,GSM1329523,GSM1329524,GSM1329527,GSM1329528,GSM1329529,GSM1329530	Neuron	Gabaergic	Spiny	Spiny	Spiny	Spiny	Drd1a+ Medium Spiny Neurons	80	Striatum	GPL1261	TRAP	Heiman et al 2014	24599591	TRUE	TRUE	TRUE	TRUE	
GSM1329527	41	GSE55096	GSM1329516,GSM1329517,GSM1329521,GSM1329522,GSM1329523,GSM1329524,GSM1329527,GSM1329528,GSM1329529,GSM1329530	Neuron	Gabaergic	Spiny	Spiny	Spiny	Spiny	Drd1a+ Medium Spiny Neurons	80	Striatum	GPL1261	TRAP	Heiman et al 2014	24599591	TRUE	TRUE	TRUE	TRUE	
GSM1329528	41	GSE55096	GSM1329516,GSM1329517,GSM1329521,GSM1329522,GSM1329523,GSM1329524,GSM1329527,GSM1329528,GSM1329529,GSM1329530	Neuron	Gabaergic	Spiny	Spiny	Spiny	Spiny	Drd1a+ Medium Spiny Neurons	80	Striatum	GPL1261	TRAP	Heiman et al 2014	24599591	TRUE	TRUE	TRUE	TRUE	
GSM1329529	41	GSE55096	GSM1329516,GSM1329517,GSM1329521,GSM1329522,GSM1329523,GSM1329524,GSM1329527,GSM1329528,GSM1329529,GSM1329530	Neuron	Gabaergic	Spiny	Spiny	Spiny	Spiny	Drd1a+ Medium Spiny Neurons	80	Striatum	GPL1261	TRAP	Heiman et al 2014	24599591	TRUE	TRUE	TRUE	TRUE	
GSM1329530	41	GSE55096	GSM1329516,GSM1329517,GSM1329521,GSM1329522,GSM1329523,GSM1329524,GSM1329527,GSM1329528,GSM1329529,GSM1329530	Neuron	Gabaergic	Spiny	Spiny	Spiny	Spiny	Drd1a+ Medium Spiny Neurons	80	Striatum	GPL1261	TRAP	Heiman et al 2014	24599591	TRUE	TRUE	TRUE	TRUE	
GSM1321391	42	GSE54656	GSM1321391,GSM1321398,GSM1321395	Neuron	Gabaergic	Spiny	Spiny	Spiny	Spiny	Drd1+ Medium Spiny Neurons	210	Striatum	GPL1261	TRAP	Maze et al 2014	24584053	TRUE	TRUE	TRUE	TRUE	
GSM1321398	42	GSE54656	GSM1321391,GSM1321398,GSM1321395	Neuron	Gabaergic	Spiny	Spiny	Spiny	Spiny	Drd1+ Medium Spiny Neurons	210	Striatum	GPL1261	TRAP	Maze et al 2014	24584053	TRUE	TRUE	TRUE	TRUE	
GSM1321395	42	GSE54656	GSM1321391,GSM1321398,GSM1321395	Neuron	Gabaergic	Spiny	Spiny	Spiny	Spiny	Drd1+ Medium Spiny Neurons	210	Striatum	GPL1261	TRAP	Maze et al 2014	24584053	TRUE	TRUE	TRUE	TRUE	
GSM1321400	43	GSE54656	GSM1321400,GSM1321402,GSM1321405	Neuron	Gabaergic	Spiny	Spiny	Spiny	Spiny	Drd2+ Medium Spiny Neurons	105	Striatum	GPL1261	TRAP	Maze et al 2014	24584053	TRUE	TRUE	TRUE	TRUE	
GSM1321402	43	GSE54656	GSM1321400,GSM1321402,GSM1321405	Neuron	Gabaergic	Spiny	Spiny	Spiny	Spiny	Drd2+ Medium Spiny Neurons	105	Striatum	GPL1261	TRAP	Maze et al 2014	24584053	TRUE	TRUE	TRUE	TRUE	
GSM1321405	43	GSE54656	GSM1321400,GSM1321402,GSM1321405	Neuron	Gabaergic	Spiny	Spiny	Spiny	Spiny	Drd2+ Medium Spiny Neurons	105	Striatum	GPL1261	TRAP	Maze et al 2014	24584053	TRUE	TRUE	TRUE	TRUE	
GSM1185170	44	GSE48813	GSM1185170,GSM1185171,GSM1185172,GSM1185173,GSM1185174,GSM1185175,GSM1185176	Neuron	Gabaergic	Spiny	Spiny	Spiny	Spiny	Drd1a+ Medium Spiny Neurons	180	Striatum	GPL1261	TRAP	Tan et al 2013	24311694	TRUE	TRUE	TRUE	TRUE	
GSM1185171	44	GSE48813	GSM1185170,GSM1185171,GSM1185172,GSM1185173,GSM1185174,GSM1185175,GSM1185176	Neuron	Gabaergic	Spiny	Spiny	Spiny	Spiny	Drd1a+ Medium Spiny Neurons	180	Striatum	GPL1261	TRAP	Tan et al 2013	24311694	TRUE	TRUE	TRUE	TRUE	
GSM1185172	44	GSE48813	GSM1185170,GSM1185171,GSM1185172,GSM1185173,GSM1185174,GSM1185175,GSM1185176	Neuron	Gabaergic	Spiny	Spiny	Spiny	Spiny	Drd1a+ Medium Spiny Neurons	180	Striatum	GPL1261	TRAP	Tan et al 2013	24311694	TRUE	TRUE	TRUE	TRUE	
GSM1185173	44	GSE48813	GSM1185170,GSM1185171,GSM1185172,GSM1185173,GSM1185174,GSM1185175,GSM1185176	Neuron	Gabaergic	Spiny	Spiny	Spiny	Spiny	Drd1a+ Medium Spiny Neurons	180	Striatum	GPL1261	TRAP	Tan et al 2013	24311694	TRUE	TRUE	TRUE	TRUE	
GSM1185174	44	GSE48813	GSM1185170,GSM1185171,GSM1185172,GSM1185173,GSM1185174,GSM1185175,GSM1185176	Neuron	Gabaergic	Spiny	Spiny	Spiny	Spiny	Drd1a+ Medium Spiny Neurons	180	Striatum	GPL1261	TRAP	Tan et al 2013	24311694	TRUE	TRUE	TRUE	TRUE	
GSM1185175	44	GSE48813	GSM1185170,GSM1185171,GSM1185172,GSM1185173,GSM1185174,GSM1185175,GSM1185176	Neuron	Gabaergic	Spiny	Spiny	Spiny	Spiny	Drd1a+ Medium Spiny Neurons	180	Striatum	GPL1261	TRAP	Tan et al 2013	24311694	TRUE	TRUE	TRUE	TRUE	
GSM1185176	44	GSE48813	GSM1185170,GSM1185171,GSM1185172,GSM1185173,GSM1185174,GSM1185175,GSM1185176	Neuron	Gabaergic	Spiny	Spiny	Spiny	Spiny	Drd1a+ Medium Spiny Neurons	180	Striatum	GPL1261	TRAP	Tan et al 2013	24311694	TRUE	TRUE	TRUE	TRUE	
GSM337834	45	GSE13379	GSM337834,GSM337835,GSM337836	Neuron	Glutamatergic	CerebGranule	CerebGranule	CerebGranule	CerebGranule	Granule Cells	Adult	Cerebellum	GPL1261	TRAP	Doyle et al., 2008	19013282	TRUE	TRUE	TRUE	TRUE	
GSM337835	45	GSE13379	GSM337834,GSM337835,GSM337836	Neuron	Glutamatergic	CerebGranule	CerebGranule	CerebGranule	CerebGranule	Granule Cells	Adult	Cerebellum	GPL1261	TRAP	Doyle et al., 2008	19013282	TRUE	TRUE	TRUE	TRUE	
GSM337836	45	GSE13379	GSM337834,GSM337835,GSM337836	Neuron	Glutamatergic	CerebGranule	CerebGranule	CerebGranule	CerebGranule	Granule Cells	Adult	Cerebellum	GPL1261	TRAP	Doyle et al., 2008	19013282	TRUE	TRUE	TRUE	TRUE	
GSM281245	46	GSE11147	GSM281245,GSM281246,GSM281249	Neuron	Glutamatergic	DentateGranule	DentateGranule	DentateGranule	DentateGranule	dentate gyrus granule cells	49	Hippocampus	GPL1261	LCM	Perrone-Bizzozero NI et al. 2011	22004431	TRUE	TRUE	TRUE	TRUE	
GSM281246	46	GSE11147	GSM281245,GSM281246,GSM281249	Neuron	Glutamatergic	DentateGranule	DentateGranule	DentateGranule	DentateGranule	dentate gyrus granule cells	49	Hippocampus	GPL1261	LCM	Perrone-Bizzozero NI et al. 2011	22004431	TRUE	TRUE	TRUE	TRUE	
GSM281249	46	GSE11147	GSM281245,GSM281246,GSM281249	Neuron	Glutamatergic	DentateGranule	DentateGranule	DentateGranule	DentateGranule	dentate gyrus granule cells	49	Hippocampus	GPL1261	LCM	Perrone-Bizzozero NI et al. 2011	22004431	TRUE	TRUE	TRUE	TRUE	
GSM947326	47	GSE38668	GSM947326,GSM947327,GSM947328,GSM947329	Neuron	Hypocretinergic	Hypocretinergic	Hypocretinergic	Hypocretinergic	Hypocretinergic	hypocretinergic neurons	63	Thalamus	GPL1261	TRAP	Dalal et al 2013	23431030	TRUE	TRUE	TRUE	TRUE	
GSM947327	47	GSE38668	GSM947326,GSM947327,GSM947328,GSM947329	Neuron	Hypocretinergic	Hypocretinergic	Hypocretinergic	Hypocretinergic	Hypocretinergic	hypocretinergic neurons	63	Thalamus	GPL1261	TRAP	Dalal et al 2013	23431030	TRUE	TRUE	TRUE	TRUE	
GSM947328	47	GSE38668	GSM947326,GSM947327,GSM947328,GSM947329	Neuron	Hypocretinergic	Hypocretinergic	Hypocretinergic	Hypocretinergic	Hypocretinergic	hypocretinergic neurons	63	Thalamus	GPL1261	TRAP	Dalal et al 2013	23431030	TRUE	TRUE	TRUE	TRUE	
GSM947329	47	GSE38668	GSM947326,GSM947327,GSM947328,GSM947329	Neuron	Hypocretinergic	Hypocretinergic	Hypocretinergic	Hypocretinergic	Hypocretinergic	hypocretinergic neurons	63	Thalamus	GPL1261	TRAP	Dalal et al 2013	23431030	TRUE	TRUE	TRUE	TRUE	
GSM437382	48	GSE17542	GSM437382,GSM437383,GSM437384	Neuron	Monoamine	Dopaminergic	Dopaminergic	Dopaminergic	Dopaminergic	A9 Dopaminergic Neurons	Adult	SubstantiaNigra	GPL1261	LCM	Phani et al. 2015	20462502	FALSE	TRUE	TRUE	TRUE	
GSM437383	48	GSE17542	GSM437382,GSM437383,GSM437384	Neuron	Monoamine	Dopaminergic	Dopaminergic	Dopaminergic	Dopaminergic	A9 Dopaminergic Neurons	Adult	SubstantiaNigra	GPL1261	LCM	Phani et al. 2015	20462502	FALSE	TRUE	TRUE	TRUE	
GSM437384	48	GSE17542	GSM437382,GSM437383,GSM437384	Neuron	Monoamine	Dopaminergic	Dopaminergic	Dopaminergic	Dopaminergic	A9 Dopaminergic Neurons	Adult	SubstantiaNigra	GPL1261	LCM	Phani et al. 2015	20462502	FALSE	TRUE	TRUE	TRUE	
GSM437391	49	GSE17542	GSM437391,GSM437392,GSM437393	Neuron	Monoamine	Dopaminergic	Dopaminergic	Dopaminergic	Dopaminergic	A10 Dopaminergic Neurons	Adult	SubstantiaNigra	GPL1261	LCM	Phani et al. 2015	20462502	FALSE	TRUE	TRUE	TRUE	
GSM437392	49	GSE17542	GSM437391,GSM437392,GSM437393	Neuron	Monoamine	Dopaminergic	Dopaminergic	Dopaminergic	Dopaminergic	A10 Dopaminergic Neurons	Adult	SubstantiaNigra	GPL1261	LCM	Phani et al. 2015	20462502	FALSE	TRUE	TRUE	TRUE	
GSM437393	49	GSE17542	GSM437391,GSM437392,GSM437393	Neuron	Monoamine	Dopaminergic	Dopaminergic	Dopaminergic	Dopaminergic	A10 Dopaminergic Neurons	Adult	SubstantiaNigra	GPL1261	LCM	Phani et al. 2015	20462502	FALSE	TRUE	TRUE	TRUE	
GSM1464137	50	GSE8720	GSM1464137,GSM1464138,GSM1464139	Neuron	Monoamine	Noradrenergic	Noradrenergic	Noradrenergic	Th_positive_LC	Tyrosine Hydroxylase Expressing young	23	LocusCoeruleus	GPL1261	Manual	Sugino et al. 2014	25232122	TRUE	TRUE	TRUE	TRUE	
GSM1464138	50	GSE8720	GSM1464137,GSM1464138,GSM1464139	Neuron	Monoamine	Noradrenergic	Noradrenergic	Noradrenergic	Th_positive_LC	Tyrosine Hydroxylase Expressing young	23	LocusCoeruleus	GPL1261	Manual	Sugino et al. 2014	25232122	TRUE	TRUE	TRUE	TRUE	
GSM1464139	50	GSE8720	GSM1464137,GSM1464138,GSM1464139	Neuron	Monoamine	Noradrenergic	Noradrenergic	Noradrenergic	Th_positive_LC	Tyrosine Hydroxylase Expressing young	23	LocusCoeruleus	GPL1261	Manual	Sugino et al. 2014	25232122	TRUE	TRUE	TRUE	TRUE	
GSM215871	51	GSE8720	GSM215871,GSM215872,GSM215873	Neuron	Monoamine	Noradrenergic	Noradrenergic	Noradrenergic	Th_positive_LC	Tyrosine Hydroxylase Expressing	40	LocusCoeruleus	GPL1261	Manual	Sugino et al. 2014	25232122	TRUE	TRUE	TRUE	TRUE	
GSM215872	51	GSE8720	GSM215871,GSM215872,GSM215873	Neuron	Monoamine	Noradrenergic	Noradrenergic	Noradrenergic	Th_positive_LC	Tyrosine Hydroxylase Expressing	40	LocusCoeruleus	GPL1261	Manual	Sugino et al. 2014	25232122	TRUE	TRUE	TRUE	TRUE	
GSM215873	51	GSE8720	GSM215871,GSM215872,GSM215873	Neuron	Monoamine	Noradrenergic	Noradrenergic	Noradrenergic	Th_positive_LC	Tyrosine Hydroxylase Expressing	40	LocusCoeruleus	GPL1261	Manual	Sugino et al. 2014	25232122	TRUE	TRUE	TRUE	TRUE	
GSM880683	52	GSE36068	GSM880683,GSM880684,GSM880685	Neuron	Monoamine	Serotonergic	Serotonergic	Serotonergic	Serotonergic	Serotonergic Neurons	63	Brainstem,Midbrain	GPL1261	TRAP	Dougherty et al 2013	23407934	FALSE	TRUE	TRUE	TRUE	
GSM880684	52	GSE36068	GSM880683,GSM880684,GSM880685	Neuron	Monoamine	Serotonergic	Serotonergic	Serotonergic	Serotonergic	Serotonergic Neurons	63	Brainstem,Midbrain	GPL1261	TRAP	Dougherty et al 2013	23407934	FALSE	TRUE	TRUE	TRUE	
GSM880685	52	GSE36068	GSM880683,GSM880684,GSM880685	Neuron	Monoamine	Serotonergic	Serotonergic	Serotonergic	Serotonergic	Serotonergic Neurons	63	Brainstem,Midbrain	GPL1261	TRAP	Dougherty et al 2013	23407934	FALSE	TRUE	TRUE	TRUE	
GSM215865	53	GSE8720	GSM215865,GSM215866,GSM215867	Neuron	Pyramidal	Layer5Pyra	Pyramidal	Layer5Pyra	Pyramidal	Pyramidal L5 thick tufted	38	Cortex	GPL1261	Manual	Sugino et al. 2014	25232122	TRUE	TRUE	FALSE	TRUE	They are same with Sugino unpublished S_yrt_wt:v2_yrt2-wt,v2_yrt2-wt1,v2_yrt3-wt,v2_yrt6-wt. e.g. any probe that is shared with GPL339 has identical values. Suggesting the files are generated from one another and they are not merely replicates of the same sample
GSM215866	53	GSE8720	GSM215865,GSM215866,GSM215867	Neuron	Pyramidal	Layer5Pyra	Pyramidal	Layer5Pyra	Pyramidal	Pyramidal L5 thick tufted	38	Cortex	GPL1261	Manual	Sugino et al. 2014	25232122	TRUE	TRUE	FALSE	TRUE	They are same with Sugino unpublished S_yrt_wt:v2_yrt2-wt,v2_yrt2-wt1,v2_yrt3-wt,v2_yrt6-wt. e.g. any probe that is shared with GPL339 has identical values. Suggesting the files are generated from one another and they are not merely replicates of the same sample
GSM215867	53	GSE8720	GSM215865,GSM215866,GSM215867	Neuron	Pyramidal	Layer5Pyra	Pyramidal	Layer5Pyra	Pyramidal	Pyramidal L5 thick tufted	38	Cortex	GPL1261	Manual	Sugino et al. 2014	25232122	TRUE	TRUE	FALSE	TRUE	They are same with Sugino unpublished S_yrt_wt:v2_yrt2-wt,v2_yrt2-wt1,v2_yrt3-wt,v2_yrt6-wt. e.g. any probe that is shared with GPL339 has identical values. Suggesting the files are generated from one another and they are not merely replicates of the same sample
GSM874480	54	GSE35758	GSM874480,GSM874481,GSM874482	Neuron	Pyramidal	Pyramidal Glt25d2	Pyramidal	Pyramidal_Glt_25d2	Pyramidal	Glt25d2 positive pyramidal cells	60	Cortex	GPL1261	TRAP	Schmidt et al 2012	22632977	TRUE	TRUE	TRUE	TRUE	possible contamination same as Shrestha et al. 2015 GSM1698220,GSM1698221
GSM874481	54	GSE35758	GSM874480,GSM874481,GSM874482	Neuron	Pyramidal	Pyramidal Glt25d2	Pyramidal	Pyramidal_Glt_25d2	Pyramidal	Glt25d2 positive pyramidal cells	60	Cortex	GPL1261	TRAP	Schmidt et al 2012	22632977	TRUE	TRUE	TRUE	TRUE	possible contamination same as Shrestha et al. 2015 GSM1698220,GSM1698221
GSM874482	54	GSE35758	GSM874480,GSM874481,GSM874482	Neuron	Pyramidal	Pyramidal Glt25d2	Pyramidal	Pyramidal_Glt_25d2	Pyramidal	Glt25d2 positive pyramidal cells	60	Cortex	GPL1261	TRAP	Schmidt et al 2012	22632977	TRUE	TRUE	TRUE	TRUE	possible contamination same as Shrestha et al. 2015 GSM1698220,GSM1698221
GSM874416	55	GSE35751	GSM874416,GSM874418,GSM874420	Neuron	Pyramidal	Pyramidal S100a10	Pyramidal	Pyramidal_S100a10	Pyramidal	S100a10 positive pyramidal cells	60	Cortex	GPL1261	TRAP	Schmidt et al 2012	22632977	TRUE	TRUE	TRUE	TRUE	possible contamination, same as Shrestha et al. 2015 GSM1698222,GSM1698223,GSM1698224
GSM874418	55	GSE35751	GSM874416,GSM874418,GSM874420	Neuron	Pyramidal	Pyramidal S100a10	Pyramidal	Pyramidal_S100a10	Pyramidal	S100a10 positive pyramidal cells	60	Cortex	GPL1261	TRAP	Schmidt et al 2012	22632977	TRUE	TRUE	TRUE	TRUE	possible contamination, same as Shrestha et al. 2015 GSM1698222,GSM1698223,GSM1698224
GSM874420	55	GSE35751	GSM874416,GSM874418,GSM874420	Neuron	Pyramidal	Pyramidal S100a10	Pyramidal	Pyramidal_S100a10	Pyramidal	S100a10 positive pyramidal cells	60	Cortex	GPL1261	TRAP	Schmidt et al 2012	22632977	TRUE	TRUE	TRUE	TRUE	possible contamination, same as Shrestha et al. 2015 GSM1698222,GSM1698223,GSM1698224
GSM442554	56	GSE17783	GSM442554,GSM442555,GSM442556	Neuron	NA	NA	NA	NA	NA	Pyramidal Neurons, Callosally projecting, P3	3	Cortex	GPL1261	FACS	Arlotta et al., 2005	15664173	TRUE	TRUE	TRUE	TRUE	Re-check the citation later, shreejoy wanted them
GSM442555	56	GSE17783	GSM442554,GSM442555,GSM442556	Neuron	NA	NA	NA	NA	NA	Pyramidal Neurons, Callosally projecting, P3	3	Cortex	GPL1261	FACS	Arlotta et al., 2005	15664173	TRUE	TRUE	TRUE	TRUE	Re-check the citation later, shreejoy wanted them
GSM442556	56	GSE17783	GSM442554,GSM442555,GSM442556	Neuron	NA	NA	NA	NA	NA	Pyramidal Neurons, Callosally projecting, P3	3	Cortex	GPL1261	FACS	Arlotta et al., 2005	15664173	TRUE	TRUE	TRUE	TRUE	Re-check the citation later, shreejoy wanted them
GSM442557	57	GSE17783	GSM442557,GSM442558	Neuron	NA	NA	NA	NA	NA	Pyramidal Neurons, Callosally projecting, P6	6	Cortex	GPL1261	FACS	Arlotta et al., 2005	15664173	TRUE	TRUE	TRUE	TRUE	Re-check the citation later, shreejoy wanted them
GSM442558	57	GSE17783	GSM442557,GSM442558	Neuron	NA	NA	NA	NA	NA	Pyramidal Neurons, Callosally projecting, P6	6	Cortex	GPL1261	FACS	Arlotta et al., 2005	15664173	TRUE	TRUE	TRUE	TRUE	Re-check the citation later, shreejoy wanted them
GSM241898	58	GSE9566	GSM241898,GSM241900,GSM241902	Glia	NA	NA	NA	NA	NA	Astrocytes	7	Cortex	GPL1261	PAN/FACS	Cahoy et al., 2008	18171944	TRUE	TRUE	TRUE	TRUE	
GSM241900	58	GSE9566	GSM241898,GSM241900,GSM241902	Glia	NA	NA	NA	NA	NA	Astrocytes	7	Cortex	GPL1261	PAN/FACS	Cahoy et al., 2008	18171944	TRUE	TRUE	TRUE	TRUE	
GSM241902	58	GSE9566	GSM241898,GSM241900,GSM241902	Glia	NA	NA	NA	NA	NA	Astrocytes	7	Cortex	GPL1261	PAN/FACS	Cahoy et al., 2008	18171944	TRUE	TRUE	TRUE	TRUE	
GSM241889	59	GSE9566	GSM241889,GSM241891,GSM241892,GSM241917	Glia	NA	NA	NA	NA	NA	Oligodendrocytes	7	Cortex	GPL1261	PAN	Cahoy et al., 2008	18171944	TRUE	TRUE	TRUE	TRUE	
GSM241891	59	GSE9566	GSM241889,GSM241891,GSM241892,GSM241917	Glia	NA	NA	NA	NA	NA	Oligodendrocytes	7	Cortex	GPL1261	PAN	Cahoy et al., 2008	18171944	TRUE	TRUE	TRUE	TRUE	
GSM241892	59	GSE9566	GSM241889,GSM241891,GSM241892,GSM241917	Glia	NA	NA	NA	NA	NA	Oligodendrocytes	7	Cortex	GPL1261	PAN	Cahoy et al., 2008	18171944	TRUE	TRUE	TRUE	TRUE	
GSM241917	59	GSE9566	GSM241889,GSM241891,GSM241892,GSM241917	Glia	NA	NA	NA	NA	NA	Oligodendrocytes	7	Cortex	GPL1261	PAN	Cahoy et al., 2008	18171944	TRUE	TRUE	TRUE	TRUE	
GSM241895	60	GSE9566	GSM241895,GSM241916	Glia	NA	NA	NA	NA	NA	Oligodendrocyte Precursors	7	Cortex	GPL1261	PAN	Cahoy et al., 2008	18171944	TRUE	TRUE	TRUE	TRUE	
GSM241916	60	GSE9566	GSM241895,GSM241916	Glia	NA	NA	NA	NA	NA	Oligodendrocyte Precursors	7	Cortex	GPL1261	PAN	Cahoy et al., 2008	18171944	TRUE	TRUE	TRUE	TRUE	
GSM337760	61	GSE13379	GSM337760,GSM337761,GSM337762	Glia	NA	NA	NA	NA	NA	Astroglia	Adult	Cerebellum	GPL1261	TRAP	Doyle et al., 2008	19013282	TRUE	TRUE	TRUE	TRUE	
GSM337761	61	GSE13379	GSM337760,GSM337761,GSM337762	Glia	NA	NA	NA	NA	NA	Astroglia	Adult	Cerebellum	GPL1261	TRAP	Doyle et al., 2008	19013282	TRUE	TRUE	TRUE	TRUE	
GSM337762	61	GSE13379	GSM337760,GSM337761,GSM337762	Glia	NA	NA	NA	NA	NA	Astroglia	Adult	Cerebellum	GPL1261	TRAP	Doyle et al., 2008	19013282	TRUE	TRUE	TRUE	TRUE	
GSM337763	62	GSE13379	GSM337763,GSM337764,GSM337766,GSM337767	Glia	NA	NA	NA	NA	NA	Astroglia	Adult	Cortex	GPL1261	TRAP	Doyle et al., 2008	19013282	TRUE	TRUE	TRUE	TRUE	same as GSM1698234,GSM1698236,GSM1698235
GSM337764	62	GSE13379	GSM337763,GSM337764,GSM337766,GSM337767	Glia	NA	NA	NA	NA	NA	Astroglia	Adult	Cortex	GPL1261	TRAP	Doyle et al., 2008	19013282	TRUE	TRUE	TRUE	TRUE	same as GSM1698234,GSM1698236,GSM1698235
GSM337766	62	GSE13379	GSM337763,GSM337764,GSM337766,GSM337767	Glia	NA	NA	NA	NA	NA	Astroglia	Adult	Cortex	GPL1261	TRAP	Doyle et al., 2008	19013282	TRUE	TRUE	TRUE	TRUE	same as GSM1698234,GSM1698236,GSM1698235
GSM337767	62	GSE13379	GSM337763,GSM337764,GSM337766,GSM337767	Glia	NA	NA	NA	NA	NA	Astroglia	Adult	Cortex	GPL1261	TRAP	Doyle et al., 2008	19013282	TRUE	TRUE	TRUE	TRUE	same as GSM1698234,GSM1698236,GSM1698235
GSM337804	63	GSE13379	GSM337804,GSM337805,GSM337806	Neuron	NA	NA	NA	NA	NA	Cort+ interneurons	Adult	Cortex	GPL1261	TRAP	Doyle et al., 2008	19013282	TRUE	TRUE	TRUE	TRUE	
GSM337805	63	GSE13379	GSM337804,GSM337805,GSM337806	Neuron	NA	NA	NA	NA	NA	Cort+ interneurons	Adult	Cortex	GPL1261	TRAP	Doyle et al., 2008	19013282	TRUE	TRUE	TRUE	TRUE	
GSM337806	63	GSE13379	GSM337804,GSM337805,GSM337806	Neuron	NA	NA	NA	NA	NA	Cort+ interneurons	Adult	Cortex	GPL1261	TRAP	Doyle et al., 2008	19013282	TRUE	TRUE	TRUE	TRUE	
GSM337837	64	GSE13379	GSM337837,GSM337838,GSM337839	NA	NA	NA	NA	NA	NA	Pyramidal Neurons	Adult	Cortex	GPL1261	TRAP	Doyle et al., 2008	19013282	TRUE	TRUE	TRUE	TRUE	Astrocyte contamination
GSM337838	64	GSE13379	GSM337837,GSM337838,GSM337839	NA	NA	NA	NA	NA	NA	Pyramidal Neurons	Adult	Cortex	GPL1261	TRAP	Doyle et al., 2008	19013282	TRUE	TRUE	TRUE	TRUE	Astrocyte contamination
GSM337839	64	GSE13379	GSM337837,GSM337838,GSM337839	NA	NA	NA	NA	NA	NA	Pyramidal Neurons	Adult	Cortex	GPL1261	TRAP	Doyle et al., 2008	19013282	TRUE	TRUE	TRUE	TRUE	Astrocyte contamination
GSM337817	65	GSE13379	GSM337817,GSM337818,GSM337819	NA	NA	NA	NA	NA	NA	Pyramidal Neurons	Adult	Cortex	GPL1261	TRAP	Doyle et al., 2008	19013282	TRUE	TRUE	TRUE	TRUE	Astrocyte contamination
GSM337818	65	GSE13379	GSM337817,GSM337818,GSM337819	NA	NA	NA	NA	NA	NA	Pyramidal Neurons	Adult	Cortex	GPL1261	TRAP	Doyle et al., 2008	19013282	TRUE	TRUE	TRUE	TRUE	Astrocyte contamination
GSM337819	65	GSE13379	GSM337817,GSM337818,GSM337819	NA	NA	NA	NA	NA	NA	Pyramidal Neurons	Adult	Cortex	GPL1261	TRAP	Doyle et al., 2008	19013282	TRUE	TRUE	TRUE	TRUE	Astrocyte contamination
GSM337821	66	GSE13379	GSM337821,GSM337822,GSM337823	NA	NA	NA	NA	NA	NA	Pyramidal Neurons	Adult	Cortex	GPL1261	TRAP	Doyle et al., 2008	19013282	TRUE	TRUE	TRUE	TRUE	Astrocyte contamination
GSM337822	66	GSE13379	GSM337821,GSM337822,GSM337823	NA	NA	NA	NA	NA	NA	Pyramidal Neurons	Adult	Cortex	GPL1261	TRAP	Doyle et al., 2008	19013282	TRUE	TRUE	TRUE	TRUE	Astrocyte contamination
GSM337823	66	GSE13379	GSM337821,GSM337822,GSM337823	NA	NA	NA	NA	NA	NA	Pyramidal Neurons	Adult	Cortex	GPL1261	TRAP	Doyle et al., 2008	19013282	TRUE	TRUE	TRUE	TRUE	Astrocyte contamination
GSM337828	67	GSE13379	GSM337828,GSM337829,GSM337830	Neuron	NA	NA	NA	NA	NA	Unipolar Brush cells (some Bergman Glia)	Adult	Cerebellum	GPL1261	TRAP	Doyle et al., 2008	19013282	TRUE	TRUE	TRUE	TRUE	
GSM337829	67	GSE13379	GSM337828,GSM337829,GSM337830	Neuron	NA	NA	NA	NA	NA	Unipolar Brush cells (some Bergman Glia)	Adult	Cerebellum	GPL1261	TRAP	Doyle et al., 2008	19013282	TRUE	TRUE	TRUE	TRUE	
GSM337830	67	GSE13379	GSM337828,GSM337829,GSM337830	Neuron	NA	NA	NA	NA	NA	Unipolar Brush cells (some Bergman Glia)	Adult	Cerebellum	GPL1261	TRAP	Doyle et al., 2008	19013282	TRUE	TRUE	TRUE	TRUE	
GSM1372745	68	GSE56996	GSM1372745,GSM1372746,GSM1372747	Neuron	NA	NA	NA	NA	NA	Dlx1 gabaergic	63	Cortex	GPL1261	TRAP	Nakajima et al. 2015	25303526	TRUE	TRUE	TRUE	TRUE	same as GSM1698228,GSM1698229,GSM1698230
GSM1372746	68	GSE56996	GSM1372745,GSM1372746,GSM1372747	Neuron	NA	NA	NA	NA	NA	Dlx1 gabaergic	63	Cortex	GPL1261	TRAP	Nakajima et al. 2015	25303526	TRUE	TRUE	TRUE	TRUE	same as GSM1698228,GSM1698229,GSM1698230
GSM1372747	68	GSE56996	GSM1372745,GSM1372746,GSM1372747	Neuron	NA	NA	NA	NA	NA	Dlx1 gabaergic	63	Cortex	GPL1261	TRAP	Nakajima et al. 2015	25303526	TRUE	TRUE	TRUE	TRUE	same as GSM1698228,GSM1698229,GSM1698230
GSM1372751	69	GSE56996	GSM1372751,GSM1372752,GSM1372753	Neuron	NA	NA	NA	NA	NA	Nek7 Gabaergic	63	Cortex	GPL1261	TRAP	Nakajima et al. 2015	25303526	TRUE	TRUE	TRUE	TRUE	astrocyte-glia contamination
GSM1372752	69	GSE56996	GSM1372751,GSM1372752,GSM1372753	Neuron	NA	NA	NA	NA	NA	Nek7 Gabaergic	63	Cortex	GPL1261	TRAP	Nakajima et al. 2015	25303526	TRUE	TRUE	TRUE	TRUE	astrocyte-glia contamination
GSM1372753	69	GSE56996	GSM1372751,GSM1372752,GSM1372753	Neuron	NA	NA	NA	NA	NA	Nek7 Gabaergic	63	Cortex	GPL1261	TRAP	Nakajima et al. 2015	25303526	TRUE	TRUE	TRUE	TRUE	astrocyte-glia contamination
GSM1372754	70	GSE56996	GSM1372754,GSM1372755,GSM1372756	Neuron	Gabaergic	GabaHtr3a	NA	NA	NA	Htr3a cells, cortex	Adult	Cortex	GPL1261	TRAP	Nakanima et. Al 2014	25303526	TRUE	TRUE	TRUE	TRUE	Includes VIP cells
GSM1372755	70	GSE56996	GSM1372754,GSM1372755,GSM1372756	Neuron	Gabaergic	GabaHtr3a	NA	NA	NA	Htr3a cells, cortex	Adult	Cortex	GPL1261	TRAP	Nakanima et. Al 2014	25303526	TRUE	TRUE	TRUE	TRUE	Includes VIP cells
GSM1372756	70	GSE56996	GSM1372754,GSM1372755,GSM1372756	Neuron	Gabaergic	GabaHtr3a	NA	NA	NA	Htr3a cells, cortex	Adult	Cortex	GPL1261	TRAP	Nakanima et. Al 2014	25303526	TRUE	TRUE	TRUE	TRUE	Includes VIP cells
GSM1372757	71	GSE56996	GSM1372757,GSM1372758,GSM1372759	Neuron	Gabaergic	GabaOxtr	NA	NA	NA	Oxtr cells, cortex	Adult	Cortex	GPL1261	TRAP	Nakanima et. Al 2014	25303526	TRUE	TRUE	TRUE	TRUE	Similar to pyramidal cells
GSM1372758	71	GSE56996	GSM1372757,GSM1372758,GSM1372759	Neuron	Gabaergic	GabaOxtr	NA	NA	NA	Oxtr cells, cortex	Adult	Cortex	GPL1261	TRAP	Nakanima et. Al 2014	25303526	TRUE	TRUE	TRUE	TRUE	Similar to pyramidal cells
GSM1372759	71	GSE56996	GSM1372757,GSM1372758,GSM1372759	Neuron	Gabaergic	GabaOxtr	NA	NA	NA	Oxtr cells, cortex	Adult	Cortex	GPL1261	TRAP	Nakanima et. Al 2014	25303526	TRUE	TRUE	TRUE	TRUE	Similar to pyramidal cells
GSM444352	72	GSE17806	GSM444352,GSM444353,GSM444354	Neuron	NA	NA	NA	NA	NA	GABAergic Interneurons, PV+, P10	10	Cortex	GPL1261	Manual	Okaty et al., 2009	19474331	TRUE	TRUE	TRUE	TRUE	
GSM444353	72	GSE17806	GSM444352,GSM444353,GSM444354	Neuron	NA	NA	NA	NA	NA	GABAergic Interneurons, PV+, P10	10	Cortex	GPL1261	Manual	Okaty et al., 2009	19474331	TRUE	TRUE	TRUE	TRUE	
GSM444354	72	GSE17806	GSM444352,GSM444353,GSM444354	Neuron	NA	NA	NA	NA	NA	GABAergic Interneurons, PV+, P10	10	Cortex	GPL1261	Manual	Okaty et al., 2009	19474331	TRUE	TRUE	TRUE	TRUE	
GSM444349	73	GSE17806	GSM444349,GSM444350,GSM444351	Neuron	NA	NA	NA	NA	NA	GABAergic Interneurons, PV+, P7	7	Cortex	GPL1261	Manual	Okaty et al., 2009	19474331	TRUE	TRUE	TRUE	TRUE	
GSM444350	73	GSE17806	GSM444349,GSM444350,GSM444351	Neuron	NA	NA	NA	NA	NA	GABAergic Interneurons, PV+, P7	7	Cortex	GPL1261	Manual	Okaty et al., 2009	19474331	TRUE	TRUE	TRUE	TRUE	
GSM444351	73	GSE17806	GSM444349,GSM444350,GSM444351	Neuron	NA	NA	NA	NA	NA	GABAergic Interneurons, PV+, P7	7	Cortex	GPL1261	Manual	Okaty et al., 2009	19474331	TRUE	TRUE	TRUE	TRUE	
GSM909413	74	GSE37055	GSM909413,GSM909414,GSM909415	Neuron	NA	NA	NA	NA	NA	Purkinje Cells	3	Cerebellum	GPL1261	Manual	Paul et al 2012	22754500	TRUE	TRUE	TRUE	TRUE	
GSM909414	74	GSE37055	GSM909413,GSM909414,GSM909415	Neuron	NA	NA	NA	NA	NA	Purkinje Cells	3	Cerebellum	GPL1261	Manual	Paul et al 2012	22754500	TRUE	TRUE	TRUE	TRUE	
GSM909415	74	GSE37055	GSM909413,GSM909414,GSM909415	Neuron	NA	NA	NA	NA	NA	Purkinje Cells	3	Cerebellum	GPL1261	Manual	Paul et al 2012	22754500	TRUE	TRUE	TRUE	TRUE	
GSM909416	75	GSE37055	GSM909416,GSM909417,GSM909418	Neuron	NA	NA	NA	NA	NA	Purkinje Cells	7	Cerebellum	GPL1261	Manual	Paul et al 2012	22754500	TRUE	TRUE	TRUE	TRUE	
GSM909417	75	GSE37055	GSM909416,GSM909417,GSM909418	Neuron	NA	NA	NA	NA	NA	Purkinje Cells	7	Cerebellum	GPL1261	Manual	Paul et al 2012	22754500	TRUE	TRUE	TRUE	TRUE	
GSM909418	75	GSE37055	GSM909416,GSM909417,GSM909418	Neuron	NA	NA	NA	NA	NA	Purkinje Cells	7	Cerebellum	GPL1261	Manual	Paul et al 2012	22754500	TRUE	TRUE	TRUE	TRUE	
GSM909452	76	GSE37055	GSM909452,GSM909453,GSM909454	Neuron	NA	NA	NA	NA	NA	Stellate Basket Cells	56	Cerebellum	GPL1261	Manual	Paul et al 2012	22754500	TRUE	TRUE	TRUE	TRUE	Purkinje cells contamination
GSM909453	76	GSE37055	GSM909452,GSM909453,GSM909454	Neuron	NA	NA	NA	NA	NA	Stellate Basket Cells	56	Cerebellum	GPL1261	Manual	Paul et al 2012	22754500	TRUE	TRUE	TRUE	TRUE	Purkinje cells contamination
GSM909454	76	GSE37055	GSM909452,GSM909453,GSM909454	Neuron	NA	NA	NA	NA	NA	Stellate Basket Cells	56	Cerebellum	GPL1261	Manual	Paul et al 2012	22754500	TRUE	TRUE	TRUE	TRUE	Purkinje cells contamination
GSM874512	77	GSE35761	GSM874512,GSM874514,GSM874516	Neuron	NA	NA	NA	NA	NA	S100a10 pyramidal VEH Treated	60	Cortex	GPL1261	TRAP	Schmidt et al 2012	22632977	TRUE	TRUE	TRUE	TRUE	Vehicle treated samples. Not to use for gene selection
GSM874514	77	GSE35761	GSM874512,GSM874514,GSM874516	Neuron	NA	NA	NA	NA	NA	S100a10 pyramidal VEH Treated	60	Cortex	GPL1261	TRAP	Schmidt et al 2012	22632977	TRUE	TRUE	TRUE	TRUE	Vehicle treated samples. Not to use for gene selection
GSM874516	77	GSE35761	GSM874512,GSM874514,GSM874516	Neuron	NA	NA	NA	NA	NA	S100a10 pyramidal VEH Treated	60	Cortex	GPL1261	TRAP	Schmidt et al 2012	22632977	TRUE	TRUE	TRUE	TRUE	Vehicle treated samples. Not to use for gene selection
GSM874527	78	GSE35763	GSM874527,GSM874529,GSM874531	Neuron	NA	NA	NA	NA	NA	Glt25d2 pyramidal VEH Treated	60	Cortex	GPL1261	TRAP	Schmidt et al 2012	22632977	TRUE	TRUE	TRUE	TRUE	Vehicle treated samples. Not to use for gene selection
GSM874529	78	GSE35763	GSM874527,GSM874529,GSM874531	Neuron	NA	NA	NA	NA	NA	Glt25d2 pyramidal VEH Treated	60	Cortex	GPL1261	TRAP	Schmidt et al 2012	22632977	TRUE	TRUE	TRUE	TRUE	Vehicle treated samples. Not to use for gene selection
GSM874531	78	GSE35763	GSM874527,GSM874529,GSM874531	Neuron	NA	NA	NA	NA	NA	Glt25d2 pyramidal VEH Treated	60	Cortex	GPL1261	TRAP	Schmidt et al 2012	22632977	TRUE	TRUE	TRUE	TRUE	Vehicle treated samples. Not to use for gene selection
GSM1698217	79	GSE69340	GSM1698217,GSM1698218,GSM1698219	Neuron	NA	NA	NA	NA	NA	Ntf3 pyramidal	63	Cortex	GPL1261	TRAP	Shrestha et al. 2015	26371510	TRUE	TRUE	TRUE	TRUE	
GSM1698218	79	GSE69340	GSM1698217,GSM1698218,GSM1698219	Neuron	NA	NA	NA	NA	NA	Ntf3 pyramidal	63	Cortex	GPL1261	TRAP	Shrestha et al. 2015	26371510	TRUE	TRUE	TRUE	TRUE	
GSM1698219	79	GSE69340	GSM1698217,GSM1698218,GSM1698219	Neuron	NA	NA	NA	NA	NA	Ntf3 pyramidal	63	Cortex	GPL1261	TRAP	Shrestha et al. 2015	26371510	TRUE	TRUE	TRUE	TRUE	
GSM1698225	80	GSE69340	GSM1698225,GSM1698226,GSM1698227	Neuron	NA	NA	NA	NA	NA	Ntsr1 pyramidal	63	Cortex	GPL1261	TRAP	Shrestha et al. 2015	26371510	TRUE	TRUE	TRUE	TRUE	
GSM1698226	80	GSE69340	GSM1698225,GSM1698226,GSM1698227	Neuron	NA	NA	NA	NA	NA	Ntsr1 pyramidal	63	Cortex	GPL1261	TRAP	Shrestha et al. 2015	26371510	TRUE	TRUE	TRUE	TRUE	
GSM1698227	80	GSE69340	GSM1698225,GSM1698226,GSM1698227	Neuron	NA	NA	NA	NA	NA	Ntsr1 pyramidal	63	Cortex	GPL1261	TRAP	Shrestha et al. 2015	26371510	TRUE	TRUE	TRUE	TRUE	
Astro Gja1	GNZuCt	GSE71585	Astro Gja1	Glia	Astrocyte	Astrocyte	Astrocyte	Astrocyte	NA	NA	NA	Cortex	RNAseq	RNAseq	Tasic et al.	26727548	TRUE	TRUE	TRUE	TRUE	
Micro Ctss	wed3CA	GSE71585	Micro Ctss	Glia	Microglia	Microglia	Microglia	Microglia	NA	NA	NA	Cortex	RNAseq	RNAseq	Tasic et al.	26727548	TRUE	TRUE	TRUE	TRUE	
Oligo Opalin	gNlUiz	GSE71585	Oligo Opalin	Glia	Oligodendrocyte	Oligodendrocyte	Oligo	Oligo	NA	NA	NA	Cortex	RNAseq	RNAseq	Tasic et al.	26727548	TRUE	TRUE	TRUE	TRUE	
Pvalb Gpx3	NmvDe7	GSE71585	Pvalb Gpx3, Pvalb Rspo2, Pvalb Wt1, Pvalb Obox3, Pvalb Cpne5	Neuron	Gabaergic	FS Basket (G42)	GabaPV	GabaPV	NA	NA	NA	Cortex	RNAseq	RNAseq	Tasic et al.	26727548	TRUE	TRUE	TRUE	TRUE	
Pvalb Rspo2	GN0NrL	GSE71585	Pvalb Gpx3, Pvalb Rspo2, Pvalb Wt1, Pvalb Obox3, Pvalb Cpne5	Neuron	Gabaergic	FS Basket (G42)	GabaPV	GabaPV	NA	NA	NA	Cortex	RNAseq	RNAseq	Tasic et al.	26727548	TRUE	TRUE	TRUE	TRUE	
Pvalb Wt1	TbUBpf	GSE71585	Pvalb Gpx3, Pvalb Rspo2, Pvalb Wt1, Pvalb Obox3, Pvalb Cpne5	Neuron	Gabaergic	FS Basket (G42)	GabaPV	GabaPV	NA	NA	NA	Cortex	RNAseq	RNAseq	Tasic et al.	26727548	TRUE	TRUE	TRUE	TRUE	
Pvalb Obox3	n6iPoe	GSE71585	Pvalb Gpx3, Pvalb Rspo2, Pvalb Wt1, Pvalb Obox3, Pvalb Cpne5	Neuron	Gabaergic	FS Basket (G42)	GabaPV	GabaPV	NA	NA	NA	Cortex	RNAseq	RNAseq	Tasic et al.	26727548	TRUE	TRUE	TRUE	TRUE	
Pvalb Cpne5	mYWm1T	GSE71585	Pvalb Gpx3, Pvalb Rspo2, Pvalb Wt1, Pvalb Obox3, Pvalb Cpne5	Neuron	Gabaergic	FS Basket (G42)	GabaPV	GabaPV	NA	NA	NA	Cortex	RNAseq	RNAseq	Tasic et al.	26727548	TRUE	TRUE	TRUE	TRUE	
Sst Cbln4	jgTrRF	GSE71585	Sst Cbln4	Neuron	Gabaergic	Martinotti (GIN)	GabaRelnCalb	GabaRelnCalb	NA	NA	NA	Cortex	RNAseq	RNAseq	Tasic et al.	26727548	TRUE	TRUE	TRUE	TRUE	
Vip Sncg	46JWfP	GSE71585	Vip Sncg	Neuron	Gabaergic	VIPReln (G30)	GabaVIPReln	GabaVIPReln	NA	NA	NA	Cortex	RNAseq	RNAseq	Tasic et al.	26727548	TRUE	TRUE	TRUE	TRUE	
L5b Tph2	uISKeF	GSE71585	L5b Tph2, L5b Cdh13	Neuron	Pyramidal	Pyramidal Glt25d2	Pyramidal	Pyramidal_Glt_25d2	NA	NA	NA	Cortex	RNAseq	RNAseq	Tasic et al.	26727548	TRUE	TRUE	TRUE	TRUE	
L5b Cdh13	Tl5sLq	GSE71585	L5b Tph2, L5b Cdh13	Neuron	Pyramidal	Pyramidal Glt25d2	Pyramidal	Pyramidal_Glt_25d2	NA	NA	NA	Cortex	RNAseq	RNAseq	Tasic et al.	26727548	TRUE	TRUE	TRUE	TRUE	
L5a Hsd11b1	LKTtrO	GSE71585	L5a Hsd11b1, L5a Batf3, L5a Tcerg1l, L5a Pde1c	Neuron	Pyramidal	Pyramidal S100a10	Pyramidal	Pyramidal_S100a10	NA	NA	NA	Cortex	RNAseq	RNAseq	Tasic et al.	26727548	TRUE	TRUE	TRUE	TRUE	
L5a Batf3	mxQiOK	GSE71585	L5a Hsd11b1, L5a Batf3, L5a Tcerg1l, L5a Pde1c	Neuron	Pyramidal	Pyramidal S100a10	Pyramidal	Pyramidal_S100a10	NA	NA	NA	Cortex	RNAseq	RNAseq	Tasic et al.	26727548	TRUE	TRUE	TRUE	TRUE	
L5a Tcerg1l	kCi7F8	GSE71585	L5a Hsd11b1, L5a Batf3, L5a Tcerg1l, L5a Pde1c	Neuron	Pyramidal	Pyramidal S100a10	Pyramidal	Pyramidal_S100a10	NA	NA	NA	Cortex	RNAseq	RNAseq	Tasic et al.	26727548	TRUE	TRUE	TRUE	TRUE	
L5a Pde1c	E3dsmn	GSE71585	L5a Hsd11b1, L5a Batf3, L5a Tcerg1l, L5a Pde1c	Neuron	Pyramidal	Pyramidal S100a10	Pyramidal	Pyramidal_S100a10	NA	NA	NA	Cortex	RNAseq	RNAseq	Tasic et al.	26727548	TRUE	TRUE	TRUE	TRUE	
L6a Car12	SPobeL	GSE71585	L6a Car12, L6a Syt17	Neuron	Pyramidal	Pyramidal CrtThalamic	Pyramidal	PyramidalCorticoThalam	NA	NA	NA	Cortex	RNAseq	RNAseq	Tasic et al.	26727548	TRUE	TRUE	TRUE	TRUE	
L6a Syt17	GzdD8T	GSE71585	L6a Car12, L6a Syt17	Neuron	Pyramidal	Pyramidal CrtThalamic	Pyramidal	PyramidalCorticoThalam	NA	NA	NA	Cortex	RNAseq	RNAseq	Tasic et al.	26727548	TRUE	TRUE	TRUE	TRUE	
Endo Myl9	vbyjMQ	GSE71585	Endo Myl9, Endo Tbc1d4	Ephitelium	Endothelial	Endothelial	Endothelial	Endothelial	NA	NA	NA	Cortex	RNAseq	RNAseq	Tasic et al.	26727548	TRUE	TRUE	TRUE	TRUE	
Endo Tbc1d4	90i6Rd	GSE71585	Endo Myl9, Endo Tbc1d4	Ephitelium	Endothelial	Endothelial	Endothelial	Endothelial	NA	NA	NA	Cortex	RNAseq	RNAseq	Tasic et al.	26727548	TRUE	TRUE	TRUE	TRUE	
OPC Pdgfra	zUUAkS	GSE71585	OPC Pdgfra	Glia	Oligodendrocyte	Oligodendrocyte precursors	OligoPrecursors	OligoPrecursors	NA	NA	NA	Cortex	RNAseq	RNAseq	Tasic et al.	26727548	TRUE	TRUE	TRUE	TRUE	
L4 Ctxn3	VCEaZ4	GSE71585	L4 Ctxn3, L4 Scnn1a, L4 Arf5	Neuron	Pyramidal	Layer 4 Pyra	Pyramidal	Layer 4 Pyra	NA	NA	NA	Cortex	RNAseq	RNAseq	Tasic et al.	26727548	TRUE	TRUE	TRUE	TRUE	
L4 Scnn1a	2dvbYW	GSE71585	L4 Ctxn3, L4 Scnn1a, L4 Arf5	Neuron	Pyramidal	Layer 4 Pyra	Pyramidal	Layer 4 Pyra	NA	NA	NA	Cortex	RNAseq	RNAseq	Tasic et al.	26727548	TRUE	TRUE	TRUE	TRUE	
L4 Arf5	zVgbEG	GSE71585	L4 Ctxn3, L4 Scnn1a, L4 Arf5	Neuron	Pyramidal	Layer 4 Pyra	Pyramidal	Layer 4 Pyra	NA	NA	NA	Cortex	RNAseq	RNAseq	Tasic et al.	26727548	TRUE	TRUE	TRUE	TRUE	
L2 Ngb	jSAk6r	GSE71585	L2 Ngb, L2/3 Ptgs2	Neuron	Pyramidal	Layer 2 3 Pyra	Pyramidal	Layer 2 3 Pyra	NA	NA	NA	Cortex	RNAseq	RNAseq	Tasic et al.	26727548	TRUE	TRUE	TRUE	TRUE	
L2/3 Ptgs2	cYKSVB	GSE71585	L2 Ngb, L2/3 Ptgs2	Neuron	Pyramidal	Layer 2 3 Pyra	Pyramidal	Layer 2 3 Pyra	NA	NA	NA	Cortex	RNAseq	RNAseq	Tasic et al.	26727548	TRUE	TRUE	TRUE	TRUE	
L6a Mgp	W4HDHt	GSE71585	L6a Mgp, L6a Sla	Neuron	Pyramidal	Layer 6a Pyra	Pyramidal	Layer 6a Pyra	NA	NA	NA	Cortex	RNAseq	RNAseq	Tasic et al.	26727548	TRUE	TRUE	TRUE	TRUE	
L6a Sla	RmsP3K	GSE71585	L6a Mgp, L6a Sla	Neuron	Pyramidal	Layer 6a Pyra	Pyramidal	Layer 6a Pyra	NA	NA	NA	Cortex	RNAseq	RNAseq	Tasic et al.	26727548	TRUE	TRUE	TRUE	TRUE	
L6b Serpinb11	iKdqrO	GSE71585	L6b Serpinb11, L6b Rgs12	Neuron	Pyramidal	Layer 6b Pyra	Pyramidal	Layer 6b Pyra	NA	NA	NA	Cortex	RNAseq	RNAseq	Tasic et al.	26727548	TRUE	TRUE	TRUE	TRUE	
L6b Rgs12	Ntdjbt	GSE71585	L6b Serpinb11, L6b Rgs12	Neuron	Pyramidal	Layer 6b Pyra	Pyramidal	Layer 6b Pyra	NA	NA	NA	Cortex	RNAseq	RNAseq	Tasic et al.	26727548	TRUE	TRUE	TRUE	TRUE	
